<?xml version="1.0" encoding="UTF-8"?>
<beans xmlns="http://www.springframework.org/schema/beans"
       xmlns:xsi="http://www.w3.org/2001/XMLSchema-instance"
       xmlns:camel="http://camel.apache.org/schema/spring"
       xsi:schemaLocation="
       http://www.springframework.org/schema/beans http://www.springframework.org/schema/beans/spring-beans.xsd
       http://camel.apache.org/schema/spring http://camel.apache.org/schema/spring/camel-spring.xsd">

  	<!-- Here is an example route which builds requests to the CreateFromData method of the FlightCustomer BAPI 
  	     to create Flight Customers within an SAP System. The request is sent to SAP via a 
  	     queued RFC endpoint to the BAPI method. -->
	<camelContext xmlns="http://camel.apache.org/schema/spring">
	    <route>
	        <from uri="timer://init?repeatCount=1"/>
		    <to uri="bean:fredRequest"/>
	        <log message="${body}" loggingLevel="INFO"/>
	        <to uri="sap-qrfc-destination:quickstartDest:QUICKSTARTQUEUE:BAPI_FLCUST_CREATEFROMDATA"/>
		    <to uri="bean:barneyRequest"/>
	        <log message="${body}" loggingLevel="INFO"/>
	        <to uri="sap-qrfc-destination:quickstartDest:QUICKSTARTQUEUE:BAPI_FLCUST_CREATEFROMDATA"/>
		    <to uri="bean:wilmaRequest"/>
	        <log message="${body}" loggingLevel="INFO"/>
	        <to uri="sap-qrfc-destination:quickstartDest:QUICKSTARTQUEUE:BAPI_FLCUST_CREATEFROMDATA"/>
		    <to uri="bean:bettyRequest"/>
	        <log message="${body}" loggingLevel="INFO"/>
	        <to uri="sap-qrfc-destination:quickstartDest:QUICKSTARTQUEUE:BAPI_FLCUST_CREATEFROMDATA"/>
	    </route>
	</camelContext>

	<!-- Create interceptor to support tRFC processing -->
	<bean id="currentProcessorDefinitionInterceptor"
		class="org.fusesource.camel.component.sap.CurrentProcessorDefinitionInterceptStrategy" />

	<!-- Instantiates processor beans which build requests to the GetList method of the FlightCustomer BAPI
	 	 and sets those requests in the body of the exchange's message. -->
	<bean id="fredRequest" class="org.jboss.quickstarts.fuse.sap_qrfc_destination_spring_boot.CreateFredRequest"/>
	<bean id="barneyRequest" class="org.jboss.quickstarts.fuse.sap_qrfc_destination_spring_boot.CreateBarneyRequest"/>
	<bean id="wilmaRequest" class="org.jboss.quickstarts.fuse.sap_qrfc_destination_spring_boot.CreateWilmaRequest"/>
	<bean id="bettyRequest" class="org.jboss.quickstarts.fuse.sap_qrfc_destination_spring_boot.CreateBettyRequest"/>

</beans>
