{
  "required" : true ,
  "$schema" : "http://json-schema.org/draft-03/schema" ,
  "type" : "object" ,
  "properties" : {
    "id" : {
      "type" : "string" ,
      "required" : false
    } ,
    "type" : {
      "type" : "string" ,
      "required" : false
    } ,
    "title" : {
      "type" : "string" ,
      "required" : false
    } ,
    "url" : {
      "type" : "string" ,
      "required" : false
    } ,
    "description" : {
      "type" : "string" ,
      "required" : false
    } ,
    "image" : {
      "type" : "object" ,
      "required" : false ,
      "properties" : {
        "url" : {
          "type" : "string" ,
          "required" : false
        } ,
        "width" : {
          "type" : "number" ,
          "required" : false
        } ,
        "height" : {
          "type" : "number" ,
          "required" : false
        }
      }
    } ,
    "data" : {
      "type" : "object" ,
      "required" : false ,
      "properties" : {
        "points" : {
          "type" : "number" ,
          "required" : false
        }
      }
    } ,
    "updated_time" : {
      "type" : "string" ,
      "required" : false
    } ,
    "created_time" : {
      "type" : "string" ,
      "required" : false
    } ,
    "application" : {
      "type" : "object" ,
      "required" : false ,
      "properties" : {
        "id" : {
          "type" : "string" ,
          "required" : false
        } ,
        "description " : {
          "type" : "string" ,
          "required" : false
        } ,
        "link " : {
          "type" : "string" ,
          "required" : false
        } ,
        "name " : {
          "type" : "string" ,
          "required" : false
        } ,
        "namespace " : {
          "type" : "string" ,
          "required" : false
        }
      }
    } ,
    "context" : {
      "type" : "array" ,
      "required" : false
    } ,
    "is_scraped" : {
      "type" : "boolean" ,
      "required" : false
    }
  }
}