{
  "required" : true ,
  "$schema" : "http://json-schema.org/draft-03/schema" ,
  "type" : "object" ,
  "properties" : {
    "achievements" : {
      "type" : "array" ,
      "required" : false ,
      "items" : [
        {
          "type" : "object" ,
          "required" : false ,
          "properties" : {
            "id" : {
              "type" : "string" ,
              "required" : false
            } ,
            "type" : {
              "type" : "string" ,
              "required" : false
            } ,
            "title" : {
              "type" : "string" ,
              "required" : false
            } ,
            "url" : {
              "type" : "string" ,
              "required" : false
            } ,
            "description" : {
              "type" : "string" ,
              "required" : false
            } ,
            "image" : {
              "type" : "array" ,
              "required" : false ,
              "items" : [
                {
                  "type" : "string" ,
                  "required" : false
                }
              ]
            } ,
            "points" : {
              "type" : "array" ,
              "required" : false ,
              "items" : [
                {
                  "type" : "number" ,
                  "required" : false
                }
              ]
            } ,
            "updated_time" : {
              "type" : "string" ,
              "required" : false
            } ,
            "context" : {
              "type" : "array" ,
              "required" : false ,
              "items" : [
                {
                  "type" : "number" ,
                  "required" : false
                }
              ]
            }
          }
        }
      ]
    }
  }
}