{
  "required" : true ,
  "$schema" : "http://json-schema.org/draft-03/schema" ,
  "type" : "object" ,
  "properties" : {
    "achievement" : {
      "type" : "object" ,
      "required" : false ,
      "properties" : {
        "id" : {
          "type" : "string" ,
          "required" : false
        } ,
        "url" : {
          "type" : "string" ,
          "required" : false
        } ,
        "type" : {
          "type" : "string" ,
          "required" : false
        } ,
        "title" : {
          "type" : "string" ,
          "required" : false
        }
      }
    } ,
    "application" : {
      "type" : "object" ,
      "required" : false ,
      "properties" : {
        "id" : {
          "type" : "string" ,
          "required" : false
        } ,
        "name" : {
          "type" : "string" ,
          "required" : false
        }
      }
    } ,
    "created_time" : {
      "type" : "string" ,
      "required" : false
    } ,
    "from" : {
      "type" : "object" ,
      "required" : false ,
      "properties" : {
        "id" : {
          "type" : "string" ,
          "required" : false
        } ,
        "name" : {
          "type" : "string" ,
          "required" : false
        }
      }
    } ,
    "id" : {
      "type" : "string" ,
      "required" : false
    } ,
    "likes" : {
      "type" : "object" ,
      "required" : false ,
      "properties" : {
        "count" : {
          "type" : "number" ,
          "required" : false
        } ,
        "users " : {
          "type" : "array" ,
          "required" : false
        }
      }
    } ,
    "comments" : {
      "type" : "object" ,
      "required" : false ,
      "properties" : {
        "count" : {
          "type" : "number" ,
          "required" : false
        } ,
        "comment" : {
          "type" : "array" ,
          "required" : false
        }
      }
    }
  }
}