{
  "required" : true ,
  "$schema" : "http://json-schema.org/draft-03/schema" ,
  "type" : "array" ,
  "items" : [
    {
      "type" : "object" ,
      "properties" : {
        "id" : {
          "type" : "string" ,
          "required" : false
        } ,
        "can_upload" : {
          "type" : "boolean" ,
          "required" : false
        } ,
        "count" : {
          "type" : "number" ,
          "required" : false
        } ,
        "cover_photo" : {
          "type" : "string" ,
          "required" : false
        } ,
        "created_time" : {
          "type" : "string" ,
          "required" : false
        } ,
        "from" : {
          "type" : "object" ,
          "required" : false ,
          "properties" : {
            "category" : {
              "type" : "string" ,
              "required" : false
            } ,
            "name" : {
              "type" : "string" ,
              "required" : false
            } ,
            "id" : {
              "type" : "string" ,
              "required" : false
            }
          }
        } ,
        "link" : {
          "type" : "string" ,
          "required" : false
        } ,
        "name" : {
          "type" : "string" ,
          "required" : false
        } ,
        "type" : {
          "type" : "string" ,
          "required" : false
        } ,
        "updated_time" : {
          "type" : "string" ,
          "required" : false
        } ,
        "likes" : {
          "type" : "object" ,
          "required" : false ,
          "properties" : {
            "data" : {
              "type" : "array" ,
              "required" : false ,
              "items" : [
                {
                  "type" : "object" ,
                  "properties" : {
                    "id" : {
                      "type" : "string" ,
                      "required" : false
                    } ,
                    "name" : {
                      "type" : "string" ,
                      "required" : false
                    }
                  }
                }
              ]
            } ,
            "paging" : {
              "type" : "object" ,
              "required" : false ,
              "properties" : {
                "next" : {
                  "type" : "string" ,
                  "required" : false
                } ,
                "cursors" : {
                  "type" : "object" ,
                  "required" : false ,
                  "properties" : {
                    "before" : {
                      "type" : "string" ,
                      "required" : false
                    } ,
                    "after" : {
                      "type" : "string" ,
                      "required" : false
                    }
                  }
                }
              }
            }
          }
        } ,
        "comments" : {
          "type" : "object" ,
          "required" : false ,
          "properties" : {
            "data" : {
              "type" : "array" ,
              "required" : false ,
              "items" : [
                {
                  "type" : "object" ,
                  "properties" : {
                    "id" : {
                      "type" : "string" ,
                      "required" : false
                    } ,
                    "can_remove" : {
                      "type" : "boolean" ,
                      "required" : false
                    } ,
                    "created_time" : {
                      "type" : "string" ,
                      "required" : false
                    } ,
                    "from" : {
                      "type" : "object" ,
                      "required" : false ,
                      "properties" : {
                        "name" : {
                          "type" : "string" ,
                          "required" : false
                        } ,
                        "id" : {
                          "type" : "string" ,
                          "required" : false
                        }
                      }
                    } ,
                    "like_count" : {
                      "type" : "number" ,
                      "required" : false
                    } ,
                    "message" : {
                      "type" : "string" ,
                      "required" : false
                    } ,
                    "user_likes" : {
                      "type" : "boolean" ,
                      "required" : false
                    }
                  }
                }
              ]
            } ,
            "paging" : {
              "type" : "object" ,
              "required" : false ,
              "properties" : {
                "next" : {
                  "type" : "string" ,
                  "required" : false
                } ,
                "cursors" : {
                  "type" : "object" ,
                  "required" : false ,
                  "properties" : {
                    "before" : {
                      "type" : "string" ,
                      "required" : false
                    } ,
                    "after" : {
                      "type" : "string" ,
                      "required" : false
                    }
                  }
                }
              }
            }
          }
        }
      }
    }
  ]
}