{
  "required" : true ,
  "$schema" : "http://json-schema.org/draft-03/schema" ,
  "type" : "object" ,
  "properties" : {
    "id" : {
      "type" : "string" ,
      "required" : false
    } ,
    "android_key_hash" : {
      "type" : "string" ,
      "required" : false
    } ,
    "app_domains" : {
      "type" : "array" ,
      "required" : false
    } ,
    "auth_dialog_data_help_url " : {
      "type" : "string" ,
      "required" : false
    } ,
    "auth_dialog_headline " : {
      "type" : "string" ,
      "required" : false
    } ,
    "auth_dialog_perms_explanation " : {
      "type" : "string" ,
      "required" : false
    } ,
    "auth_referral_default_activity_privacy" : {
      "fstype" :{
         "enum": [ "SELF", "EVERYONE", "ALL_FRIENDS", "NONE" ]
      } ,
      "required" : false
    } ,
    "auth_referral_enabled " : {
      "type" : "boolean" ,
      "required" : false
    } ,
    "auth_referral_extended_perms " : {
      "type" : "array" ,
      "required" : false
    } ,
    "auth_referral_friend_perms " : {
      "type" : "array" ,
      "required" : false
    } ,
    "auth_referral_user_perms " : {
      "type" : "array" ,
      "required" : false
    } ,
    "auth_referral_response_type " : {
      "fstype" :{
         "enum": [ "code", "token" ]
      } ,
      "required" : false
    } ,
    "canvas_fluid_height " : {
      "type" : "boolean" ,
      "required" : false
    } ,
    "canvas_fluid_width " : {
      "type" : "boolean" ,
      "required" : false
    } ,
    "canvas_url " : {
      "type" : "string" ,
      "required" : false
    } ,
    "category" : {
      "type" : "string" ,
      "required" : false
    } ,
    "company" : {
      "type" : "string" ,
      "required" : false
    } ,
    "contact_email " : {
      "type" : "string" ,
      "required" : false
    } ,
    "created_time" : {
      "type" : "number" ,
      "required" : false
    } ,
    "creator_uid" : {
      "type" : "number" ,
      "required" : false
    } ,
    "daily_active_users" : {
      "type" : "string" ,
      "required" : false
    } ,
    "daily_active_users_rank" : {
      "type" : "string" ,
      "required" : false
    } ,
    "deauth_callback_url " : {
      "type" : "string" ,
      "required" : false
    } ,
    "description" : {
      "type" : "string" ,
      "required" : false
    } ,
    "hosting_url" : {
      "type" : "string" ,
      "required" : false
    } ,
    "icon_url" : {
      "type" : "string" ,
      "required" : false
    } ,
    "ios_bundle_id" : {
      "type" : "string" ,
      "required" : false
    } ,
    "iphone_app_store_id" : {
      "type" : "string" ,
      "required" : false
    } ,
    "link" : {
      "type" : "string" ,
      "required" : false
    } ,
    "logo_url" : {
      "type" : "string" ,
      "required" : false
    } ,
    "migrations" : {
      "type" : "object" ,
      "required" : false ,
      "properties" : {
        "migration-name" : {
          "type" : "array" ,
          "required" : false
        }
      }
    } ,
    "mobile_web_url " : {
      "type" : "string" ,
      "required" : false
    } ,
    "monthly_active_users" : {
      "type" : "string" ,
      "required" : false
    } ,
    "monthly_active_users_rank" : {
      "type" : "string" ,
      "required" : false
    } ,
    "name" : {
      "type" : "string" ,
      "required" : false
    } ,
    "namespace " : {
      "type" : "string" ,
      "required" : false
    } ,
    "page_tab_default_name " : {
      "type" : "string" ,
      "required" : false
    } ,
    "page_tab_url " : {
      "type" : "string" ,
      "required" : false
    } ,
    "privacy_policy_url " : {
      "type" : "string" ,
      "required" : false
    } ,
    "restrictions" : {
      "type" : "object" ,
      "required" : false ,
      "properties" : {
        "type" : {
          "fstype" :{
             "enum": [ "alcohol" ]
          } ,
          "required" : false
        } ,
        "location" : {
          "type" : "string" ,
          "required" : false
        } ,
        "age" : {
          "fstype" :{
             "enum": [ "13+", "17+", "18+", "19+", "21+" ]
          } ,
          "required" : false
        } ,
        "age_distr" : {
          "type" : "string" ,
          "required" : false
        }
      }
    } ,
    "type" : {
      "type" : "string" ,
      "required" : false
    } ,
    "location" : {
      "type" : "object" ,
      "required" : false ,
      "properties" : {
        "csv" : {
          "type" : "array" ,
          "required" : false
        }
      }
    } ,
    "age" : {
      "type" : "string" ,
      "required" : false
    } ,
    "secure_canvas_url " : {
      "type" : "string" ,
      "required" : false
    } ,
    "secure_page_tab_url " : {
      "type" : "string" ,
      "required" : false
    } ,
    "server_ip_whitelist " : {
      "type" : "string" ,
      "required" : false
    } ,
    "social_discovery " : {
      "type" : "boolean" ,
      "required" : false
    } ,
    "subcategory" : {
      "type" : "string" ,
      "required" : false
    } ,
    "terms_of_service_url " : {
      "type" : "string" ,
      "required" : false
    } ,
    "user_support_email " : {
      "type" : "string" ,
      "required" : false
    } ,
    "user_support_url " : {
      "type" : "string" ,
      "required" : false
    } ,
    "website_url " : {
      "type" : "string" ,
      "required" : false
    } ,
    "weekly_active_users" : {
      "type" : "string" ,
      "required" : false
    }
  }
}