{
  "required" : true ,
  "$schema" : "http://json-schema.org/draft-03/schema" ,
  "type" : "object" ,
  "properties" : {
    "fb:admins" : {
      "type" : "array" ,
      "required" : false ,
      "items" : {
        "type" : "string" ,
        "required" : false
      }
    } ,
    "fb:app_id" : {
      "type" : "string" ,
      "required" : false
    } ,
    "fb:profile_id" : {
      "type" : "string" ,
      "required" : false
    } ,
    "og:audio" : {
      "type" : "array" ,
      "required" : false ,
      "items" : {
        "type" : "object" ,
        "required" : false ,
        "properties" : {
          "og:audio:url" : {
            "type" : "string" ,
            "required" : true
          } ,
          "og:audio:secure_url" : {
            "type" : "string" ,
            "required" : false
          } ,
          "og:audio:type" : {
            "type" : "string" ,
            "required" : false
          }
        }
      }
    } ,
    "og:description" : {
      "type" : "string" ,
      "required" : false
    } ,
    "og:determiner" : {
      "fstype" : {
        "enum" : [
          "a" ,
          "an" ,
          "the" ,
          "auto"
        ]
      } ,
      "required" : false
    } ,
    "og:image" : {
      "type" : "array" ,
      "required" : false ,
      "items" : {
        "type" : "object" ,
        "required" : false ,
        "properties" : {
          "og:image:url" : {
            "type" : "string" ,
            "required" : true
          } ,
          "og:image:secure_url" : {
            "type" : "string" ,
            "required" : false
          } ,
          "og:image:type" : {
            "type" : "string" ,
            "required" : false
          } ,
          "og:image:width" : {
            "type" : "number" ,
            "required" : false
          } ,
          "og:image:height" : {
            "type" : "number" ,
            "required" : false
          } ,
          "og:image:user_generated" : {
            "type" : "boolean" ,
            "required" : false
          }
        }
      }
    } ,
    "og:locale" : {
      "type" : "object" ,
      "required" : false ,
      "properties" : {
        "og:locale:locale" : {
          "fstype" : {
            "enum" : [
              "en_us" ,
              "ca_es" ,
              "cs_cz" ,
              "cx_ph" ,
              "cy_gb" ,
              "da_dk" ,
              "de_de" ,
              "eu_es" ,
              "en_pi" ,
              "en_ud" ,
              "es_la" ,
              "es_es" ,
              "gn_py" ,
              "fi_fi" ,
              "fr_fr" ,
              "gl_es" ,
              "hu_hu" ,
              "it_it" ,
              "ja_jp" ,
              "ko_kr" ,
              "nb_no" ,
              "nn_no" ,
              "nl_nl" ,
              "fy_nl" ,
              "pl_pl" ,
              "pt_br" ,
              "pt_pt" ,
              "ro_ro" ,
              "ru_ru" ,
              "sk_sk" ,
              "sl_si" ,
              "sv_se" ,
              "th_th" ,
              "tr_tr" ,
              "ku_tr" ,
              "zh_cn" ,
              "zh_hk" ,
              "zh_tw" ,
              "fb_lt" ,
              "af_za" ,
              "sq_al" ,
              "hy_am" ,
              "az_az" ,
              "be_by" ,
              "bn_in" ,
              "bs_ba" ,
              "bg_bg" ,
              "hr_hr" ,
              "en_gb" ,
              "eo_eo" ,
              "et_ee" ,
              "fo_fo" ,
              "fr_ca" ,
              "ka_ge" ,
              "el_gr" ,
              "hi_in" ,
              "is_is" ,
              "id_id" ,
              "ga_ie" ,
              "la_va" ,
              "lv_lv" ,
              "lt_lt" ,
              "mk_mk" ,
              "ms_my" ,
              "ne_np" ,
              "pa_in" ,
              "sr_rs" ,
              "sw_ke" ,
              "tl_ph" ,
              "ta_in" ,
              "te_in" ,
              "ml_in" ,
              "uk_ua" ,
              "vi_vn" ,
              "km_kh" ,
              "ar_ar" ,
              "he_il" ,
              "ur_pk" ,
              "fa_ir" ,
              "ps_af"
            ]
          } ,
          "required" : false ,
          "type" : "array"
        } ,
        "og:locale:alternate" : {
          "type" : "string" ,
          "required" : false
        }
      }
    } ,
    "og:restrictions" : {
      "type" : "object" ,
      "required" : false ,
      "properties" : {
        "og:restrictions:country" : {
          "type" : "array" ,
          "required" : false ,
          "items" : {
            "type" : "string" ,
            "required" : false
          }
        } ,
        "og:restrictions:country:disallowed" : {
          "type" : "array" ,
          "required" : false ,
          "items" : {
            "type" : "string" ,
            "required" : false
          }
        } ,
        "og:restrictions:age" : {
          "type" : "string" ,
          "required" : false
        } ,
        "og:restrictions:content" : {
          "type" : "string" ,
          "required" : false
        }
      }
    } ,
    "og:see_also" : {
      "type" : "array" ,
      "required" : false ,
      "items" : {
        "type" : "string" ,
        "required" : false
      }
    } ,
    "og:site_name" : {
      "type" : "string" ,
      "required" : false
    } ,
    "og:title" : {
      "type" : "string" ,
      "required" : true
    } ,
    "og:type" : {
      "type" : "string" ,
      "required" : true
    } ,
    "og:updated_time" : {
      "type" : "string" ,
      "required" : false
    } ,
    "og:url" : {
      "type" : "string" ,
      "required" : false
    } ,
    "og:video" : {
      "type" : "array" ,
      "required" : false ,
      "items" : {
        "type" : "object" ,
        "required" : false ,
        "properties" : {
          "og:video:url" : {
            "type" : "string" ,
            "required" : true
          } ,
          "og:video:secure_url" : {
            "type" : "string" ,
            "required" : false
          } ,
          "og:video:type" : {
            "type" : "string" ,
            "required" : false
          } ,
          "og:video:width" : {
            "type" : "number" ,
            "required" : false
          } ,
          "og:video:height" : {
            "type" : "number" ,
            "required" : false
          }
        }
      }
    }
  }
}