{
  "required" : true ,
  "$schema" : "http://json-schema.org/draft-03/schema" ,
  "type" : "object" ,
  "properties" : {
    "created_time" : {
      "type" : "string" ,
      "required" : false
    } ,
    "end_time" : {
      "type" : "string" ,
      "required" : false
    } ,
    "expires_in" : {
      "type" : "number" ,
      "required" : false
    } ,
    "fb:explicitly_shared" : {
      "type" : "boolean" ,
      "required" : true
    } ,
    "message" : {
      "type" : "string" ,
      "required" : true
    } ,
    "no_feed_story" : {
      "type" : "boolean" ,
      "required" : false
    } ,
    "place" : {
      "type" : "string" ,
      "required" : false
    } ,
    "ref" : {
      "type" : "string" ,
      "required" : false
    } ,
    "start_time" : {
      "type" : "string" ,
      "required" : false
    } ,
    "tags" : {
      "type" : "array" ,
      "required" : false ,
      "items" : {
        "type" : "object" ,
        "required" : false ,
        "properties" : {
          "id" : {
            "type" : "string" ,
            "required" : false
          } ,
          "name" : {
            "type" : "string" ,
            "required" : false
          }
        }
      }
    }
  }
}