{
  "required" : true ,
  "$schema" : "http://json-schema.org/draft-03/schema" ,
  "type" : "object" ,
  "properties" : {
    "id" : {
      "type" : "string" ,
      "required" : false
    } ,
    "access_token" : {
      "type" : "string" ,
      "required" : false
    } ,
    "login_url" : {
      "type" : "string" ,
      "required" : false
    } ,
    "email" : {
      "type" : "string" ,
      "required" : false
    } ,
    "password" : {
      "type" : "string" ,
      "required" : false
    }
  }
}