{
  "required" : true ,
  "$schema" : "http://json-schema.org/draft-03/schema" ,
  "type" : "object" ,
  "properties" : {
    "currencies" : {
      "type" : "array" ,
      "required" : false ,
      "items" : [
        {
          "type" : "object" ,
          "required" : false ,
          "properties" : {
            "currency_id" : {
              "type" : "number" ,
              "required" : false
            } ,
            "currency_url" : {
              "type" : "string" ,
              "required" : false
            } ,
            "currency_title" : {
              "type" : "string" ,
              "required" : false
            } ,
            "currency_description" : {
              "type" : "string" ,
              "required" : false
            }
          }
        }
      ]
    }
  }
}