{
  "required" : true ,
  "$schema" : "http://json-schema.org/draft-03/schema" ,
  "type" : "object" ,
  "properties" : {
    "error" : {
      "type" : "object" ,
      "required" : false ,
      "properties" : {
        "message" : {
          "type" : "string" ,
          "required" : false
        } ,
        "type" : {
          "type" : "string" ,
          "required" : false
        } ,
        "code" : {
          "type" : "number" ,
          "required" : false
        } ,
        "error_subcode" : {
          "type" : "number" ,
          "required" : false
        }
      }
    }
  }
}