{
  "required" : true ,
  "$schema" : "http://json-schema.org/draft-03/schema" ,
  "type" : "array" ,
  "items" : {
    "type" : "object" ,
    "required" : false ,
    "properties" : {
    "description" : {
      "type" : "string" ,
      "required" : false
    } ,
    "end_time" : {
      "type" : "string" ,
      "required" : false
    } ,
    "id" : {
      "type" : "string" ,
      "required" : false
    } ,
    "location" : {
      "type" : "string" ,
      "required" : false
    } ,
    "name" : {
      "type" : "string" ,
      "required" : false
    } ,
    "owner" : {
      "type" : "string" ,
      "required" : false
    } ,
    "picture" : {
      "type" : "string" ,
      "required" : false
    } ,
    "privacy" : {
      "type" : "string" ,
      "required" : false
    } ,
    "start_time" : {
      "type" : "string" ,
      "required" : false
    } ,
    "ticket_uri" : {
      "type" : "string" ,
      "required" : false
    } ,
    "updated_time" : {
      "type" : "string" ,
      "required" : false
    } ,
    "venue" : {
      "type" : "string" ,
      "required" : false
    } ,
    "location_id" : {
      "type" : "string" ,
      "required" : false
    }
    }
  }
}