{
  "required" : true ,
  "$schema" : "http://json-schema.org/draft-03/schema" ,
  "type" : "object" ,
  "properties" : {
    "id" : {
      "type" : "string" ,
      "required" : false
    } ,
    "from" : {
      "type" : "object" ,
      "required" : false
    } ,
    "subject" : {
      "type" : "string" ,
      "required" : false
    } ,
    "message" : {
      "type" : "string" ,
      "required" : false
    } ,
    "icon" : {
      "type" : "string" ,
      "required" : false
    } ,
    "created_time" : {
      "type" : "string" ,
      "required" : false
    } ,
    "updated_time" : {
      "type" : "string" ,
      "required" : false
    } ,
    "revision" : {
      "type" : "number" ,
      "required" : false
    } ,
    "can_edit" : {
      "type" : "boolean" ,
      "required" : false
    } ,
    "can_delete" : {
      "type" : "boolean" ,
      "required" : false
    }
  }
}