{
  "required" : true ,
  "$schema" : "http://json-schema.org/draft-03/schema" ,
  "type" : "object" ,
  "properties" : {
    "description" : {
      "type" : "string" ,
      "required" : false
    } ,
    "id" : {
      "type" : "string" ,
      "required" : false
    } ,
    "name" : {
      "type" : "string" ,
      "required" : false
    } ,
    "period" : {
      "type" : "string" ,
      "required" : false
    } ,
    "values" : {
      "type" : "object" ,
      "required" : false ,
      "properties" : {
        "value" : {
          "type" : "string" ,
          "required" : false
        } ,
        "end_time" : {
          "type" : "string" ,
          "required" : false
        }
      }
    }
  }
}