{
  "required" : true ,
  "$schema" : "http://json-schema.org/draft-03/schema" ,
  "type" : "array" ,
  "items" : {
    "type" : "object" ,
    "required" : false ,
    "properties" : {
      "created_time" : {
        "type" : "string" ,
        "required" : false
      } ,
      "description" : {
        "type" : "string" ,
        "required" : false
      } ,
      "from" : {
        "type" : "object" ,
        "required" : false ,
        "properties" : {
          "id" : {
            "type" : "string" ,
            "required" : false
          } ,
          "name" : {
            "type" : "string" ,
            "required" : false
          }
        }
      } ,
      "icon" : {
        "type" : "string" ,
        "required" : false
      } ,
      "id" : {
        "type" : "string" ,
        "required" : false
      } ,
      "link" : {
        "type" : "string" ,
        "required" : false
      } ,
      "message" : {
        "type" : "string" ,
        "required" : false
      } ,
      "picture" : {
        "type" : "string" ,
        "required" : false
      } ,
      "type" : {
        "type" : "string" ,
        "required" : false
      }
    }
  }
}