{
  "required" : true ,
  "$schema" : "http://json-schema.org/draft-03/schema" ,
  "type" : "array" ,
  "items" : {
    "type" : "object" ,
    "required" : false ,
    "properties" : {
      "post" : {
        "type" : "object" ,
        "required" : false ,
        "properties" : {
      "actions" : {
        "type" : "array" ,
        "required" : false ,
        "items" : {
          "type" : "object" ,
          "required" : false ,
          "properties" : {
            "name" : {
              "type" : "string" ,
              "required" : false
            } ,
            "link" : {
              "type" : "string" ,
              "required" : false
            }
          }
        }
      } ,
      "application" : {
        "type" : "object" ,
        "required" : false ,
        "properties" : {
          "id" : {
            "type" : "string" ,
            "required" : false
          } ,
          "name" : {
            "type" : "string" ,
            "required" : false
          }
        }
      } ,
      "caption" : {
        "type" : "string" ,
        "required" : false
      } ,
      "comments" : {
        "type" : "object" ,
        "required" : false
      } ,
      "created_time" : {
        "type" : "string" ,
        "required" : false
      } ,
      "description" : {
        "type" : "string" ,
        "required" : false
      } ,
      "from" : {
        "type" : "object" ,
        "required" : false ,
        "properties" : {
          "id" : {
            "type" : "string" ,
            "required" : false
          } ,
          "name" : {
            "type" : "string" ,
            "required" : false
          }
        }
      } ,
      "icon" : {
        "type" : "string" ,
        "required" : false
      } ,
      "id" : {
        "type" : "string" ,
        "required" : false
      } ,
      "is_hidden" : {
        "type" : "boolean" ,
        "required" : false
      } ,
      "link" : {
        "type" : "string" ,
        "required" : false
      } ,
      "message" : {
        "type" : "string" ,
        "required" : false
      } ,
      "message_tags" : {
        "type" : "object" ,
        "required" : false ,
        "properties" : {
          "object " : {
            "type" : "object" ,
            "required" : false ,
            "properties" : {
              "id" : {
                "type" : "string" ,
                "required" : false
              } ,
              "name" : {
                "type" : "string" ,
                "required" : false
              } ,
              "offset" : {
                "type" : "string" ,
                "required" : false
              }
            }
          } ,
          "length" : {
            "type" : "string" ,
            "required" : false
          }
        }
      } ,
      "name" : {
        "type" : "string" ,
        "required" : false
      } ,
      "object_id" : {
        "type" : "number" ,
        "required" : false
      } ,
      "picture" : {
        "type" : "string" ,
        "required" : false
      } ,
      "place" : {
        "type" : "object" ,
        "required" : false ,
        "properties" : {
          "id" : {
            "type" : "string" ,
            "required" : false
          } ,
          "name" : {
            "type" : "string" ,
            "required" : false
          } ,
          "location" : {
            "type" : "string" ,
            "required" : false
          }
        }
      } ,
      "properties" : {
        "type" : "array" ,
        "required" : false ,
        "items" : {
          "type" : "object" ,
          "required" : false ,
          "properties" : {
            "name" : {
              "type" : "string" ,
              "required" : false
            } ,
            "text" : {
              "type" : "string" ,
              "required" : false
            }
          }
        }
      } ,
      "shares" : {
        "type" : "number" ,
        "required" : false
      } ,
      "source" : {
        "type" : "string" ,
        "required" : false
      } ,
      "status_type" : {
        "type" : "string" ,
        "required" : false
      } ,
      "story" : {
        "type" : "string" ,
        "required" : false
      } ,
      "story_tags" : {
        "type" : "object" ,
        "required" : false
      } ,
      "to" : {
        "type" : "object" ,
        "required" : false ,
        "properties" : {
          "data" : {
            "type" : "array" ,
            "required" : false ,
            "items" : {
              "type" : "object" ,
              "required" : false ,
              "properties" : {
                "id" : {
                  "type" : "string" ,
                  "required" : false
                } ,
                "name" : {
                  "type" : "string" ,
                  "required" : false
                }
              }
            }
          }
        }
      } ,
      "type" : {
        "type" : "string" ,
        "required" : false
      } ,
      "updated_time" : {
        "type" : "string" ,
        "required" : false
      } ,
      "with_tags" : {
        "type" : "object" ,
        "required" : false ,
        "properties" : {
          "data" : {
            "type" : "array" ,
            "required" : false ,
            "items" : {
              "type" : "object" ,
              "required" : false ,
              "properties" : {
                "id" : {
                  "type" : "string" ,
                  "required" : false
                } ,
                "name" : {
                  "type" : "string" ,
                  "required" : false
                }
              }
            }
          }
        }
      }        }
      } ,
      "photo" : {
        "type" : "object" ,
        "required" : false ,
        "properties" : {
    "id" : {
      "type" : "string" ,
      "required" : false
    } ,
    "created_time" : {
      "type" : "string" ,
      "required" : false
    } ,
    "from" : {
      "type" : "object" ,
      "required" : false ,
      "properties" : {
        "category" : {
          "type" : "string" ,
          "required" : false
        } ,
        "name" : {
          "type" : "string" ,
          "required" : false
        } ,
        "id" : {
          "type" : "string" ,
          "required" : false
        }
      }
    } ,
    "height" : {
      "type" : "number" ,
      "required" : false
    } ,
    "icon" : {
      "type" : "string" ,
      "required" : false
    } ,
    "images" : {
      "type" : "array" ,
      "required" : false ,
      "items" : [
        {
          "type" : "object" ,
          "properties" : {
            "height" : {
              "type" : "number" ,
              "required" : false
            } ,
            "source" : {
              "type" : "string" ,
              "required" : false
            } ,
            "width" : {
              "type" : "number" ,
              "required" : false
            }
          }
        }
      ]
    } ,
    "link" : {
      "type" : "string" ,
      "required" : false
    } ,
    "picture" : {
      "type" : "string" ,
      "required" : false
    } ,
    "source" : {
      "type" : "string" ,
      "required" : false
    } ,
    "updated_time" : {
      "type" : "string" ,
      "required" : false
    } ,
    "width" : {
      "type" : "number" ,
      "required" : false
    } ,
    "comments" : {
      "type" : "object" ,
      "required" : false ,
      "properties" : {
        "data" : {
          "type" : "array" ,
          "required" : false ,
          "items" : [
            {
              "type" : "object" ,
              "properties" : {
                "id" : {
                  "type" : "string" ,
                  "required" : false
                } ,
                "can_remove" : {
                  "type" : "boolean" ,
                  "required" : false
                } ,
                "created_time" : {
                  "type" : "string" ,
                  "required" : false
                } ,
                "from" : {
                  "type" : "object" ,
                  "required" : false ,
                  "properties" : {
                    "name" : {
                      "type" : "string" ,
                      "required" : false
                    } ,
                    "id" : {
                      "type" : "string" ,
                      "required" : false
                    }
                  }
                } ,
                "like_count" : {
                  "type" : "number" ,
                  "required" : false
                } ,
                "message" : {
                  "type" : "string" ,
                  "required" : false
                } ,
                "user_likes" : {
                  "type" : "boolean" ,
                  "required" : false
                }
              }
            }
          ]
        } ,
        "paging" : {
          "type" : "object" ,
          "required" : false ,
          "properties" : {
            "next" : {
              "type" : "string" ,
              "required" : false
            } ,
            "cursors" : {
              "type" : "object" ,
              "required" : false ,
              "properties" : {
                "before" : {
                  "type" : "string" ,
                  "required" : false
                } ,
                "after" : {
                  "type" : "string" ,
                  "required" : false
                }
              }
            }
          }
        }
      }
    } ,
    "likes" : {
      "type" : "object" ,
      "required" : false ,
      "properties" : {
        "data" : {
          "type" : "array" ,
          "required" : false ,
          "items" : [
            {
              "type" : "object" ,
              "properties" : {
                "id" : {
                  "type" : "string" ,
                  "required" : false
                } ,
                "name" : {
                  "type" : "string" ,
                  "required" : false
                }
              }
            }
          ]
        } ,
        "paging" : {
          "type" : "object" ,
          "required" : false ,
          "properties" : {
            "next" : {
              "type" : "string" ,
              "required" : false
            } ,
            "cursors" : {
              "type" : "object" ,
              "required" : false ,
              "properties" : {
                "before" : {
                  "type" : "string" ,
                  "required" : false
                } ,
                "after" : {
                  "type" : "string" ,
                  "required" : false
                }
              }
            }
          }
        }
      }
    }        }
      } ,
      "type" : {
        "fstype" : {
           "enum": [ "checkin", "photo", "status" ]
        } ,
        "required" : false
      }
    }
  }
}