{
  "required" : true ,
  "$schema" : "http://json-schema.org/draft-03/schema" ,
  "type" : "array" ,
  "items" : [
    {
      "type" : "object" ,
      "properties" : {
        "name" : {
          "type" : "string" ,
          "required" : false
        } ,
        "metadata" : {
          "type" : "object" ,
          "required" : false ,
          "properties" : {
            "connections" : {
              "type" : "object" ,
              "required" : false ,
              "properties" : {
                "feed" : {
                  "type" : "string" ,
                  "required" : false
                } ,
                "picture" : {
                  "type" : "string" ,
                  "required" : false
                }
              }
            } ,
            "fields" : {
              "type" : "array" ,
              "required" : false ,
              "items" : [
                {
                  "type" : "object" ,
                  "properties" : {
                    "name" : {
                      "type" : "string" ,
                      "required" : false
                    } ,
                    "description" : {
                      "type" : "string" ,
                      "required" : false
                    }
                  }
                }
              ]
            } ,
            "type" : {
              "type" : "string" ,
              "required" : false
            }
          }
        }
      }
    }
  ]
}