{
  "required" : true ,
  "$schema" : "http://json-schema.org/draft-03/schema" ,
  "type" : "object" ,
  "properties" : {
    "message" : {
      "type" : "array" ,
      "items" : {
        "type" : "object" ,
        "required" : false ,
        "properties" : {
          "created_time" : {
            "type" : "string" ,
            "required" : false
          } ,
          "from" : {
            "type" : "object" ,
            "required" : false ,
            "properties" : {
              "id" : {
                "type" : "string" ,
                "required" : false
              } ,
              "name" : {
                "type" : "string" ,
                "required" : false
              }
            }
          } ,
          "id" : {
            "type" : "string" ,
            "required" : false
          } ,
          "message" : {
            "type" : "string" ,
            "required" : false
          } ,
          "to" : {
            "type" : "object" ,
            "required" : false ,
            "properties" : {
              "id" : {
                "type" : "string" ,
                "required" : false
              } ,
              "name" : {
                "type" : "string" ,
                "required" : false
              }
            }
          }
        }
      }
    } ,
    "tag" : {
      "type" : "object" ,
      "required" : false ,
      "properties" : {
        "name" : {
          "type" : "string" ,
          "required" : false
        }
      }
    }
  }
}