{
  "required" : true ,
  "$schema" : "http://json-schema.org/draft-03/schema" ,
  "type" : "array" ,
  "items" : {
    "type" : "object" ,
    "required" : false ,
    "properties" : {
    "id" : {
      "type" : "string" ,
      "required" : false
    } ,
    "title" : {
      "type" : "string" ,
      "required" : false
    } ,
    "from" : {
      "type" : "string" ,
      "required" : false
    } ,
    "description" : {
      "type" : "string" ,
      "required" : false
    } ,
    "created_time" : {
      "type" : "string" ,
      "required" : false
    } ,
    "updated_time" : {
      "type" : "string" ,
      "required" : false
    } ,
    "start_time" : {
      "type" : "string" ,
      "required" : false
    } ,
    "end_time" : {
      "type" : "string" ,
      "required" : false
    }
    }
  }
}