{
  "required" : true ,
  "$schema" : "http://json-schema.org/draft-03/schema" ,
  "type" : "array" ,
  "items" : {
    "type" : "object" ,
    "required" : false ,
    "properties" : {
    "comments" : {
      "type" : "array" ,
      "required" : false ,
      "items" : {
        "type" : "object" ,
        "required" : false ,
        "properties" : {
          "id" : {
            "type" : "string" ,
            "required" : false
          } ,
          "can_remove" : {
            "type" : "boolean" ,
            "required" : false
          } ,
          "created_time" : {
            "type" : "string" ,
            "required" : false
          } ,
          "from" : {
            "type" : "object" ,
            "required" : false ,
            "properties" : {
              "name" : {
                "type" : "string" ,
                "required" : false
              } ,
              "id" : {
                "type" : "string" ,
                "required" : false
              }
            }
          }
        }
      }
    } ,
    "created_time" : {
      "type" : "string" ,
      "required" : false
    } ,
    "from" : {
      "type" : "object" ,
      "required" : false ,
      "properties" : {
        "id" : {
          "type" : "string" ,
          "required" : false
        } ,
        "name" : {
          "type" : "string" ,
          "required" : false
        }
      } 
    } ,
    "icon" : {
      "type" : "string" ,
      "required" : false
    } ,
    "id" : {
      "type" : "string" ,
      "required" : false
    } ,
    "message" : {
      "type" : "string" ,
      "required" : false
    } ,
    "subject" : {
      "type" : "string" ,
      "required" : false
    } ,
    "updated_time" : {
      "type" : "string" ,
      "required" : false
    }
    }
  }
}