{
  "required" : true ,
  "$schema" : "http://json-schema.org/draft-03/schema" ,
  "type" : "array" ,
  "items" : {
    "type" : "object" ,
    "required" : false ,
    "properties" : {
      "id" : {
        "type" : "string" ,
        "required" : false
      } ,
      "from" : {
        "type" : "string" ,
        "required" : false
      } ,
      "to" : {
        "type" : "object" ,
        "required" : false ,
        "properties" : {
          "id" : {
            "type" : "string" ,
            "required" : false
          } ,
          "name" : {
            "type" : "string" ,
            "required" : false
          }
        }
      } ,
      "created_time" : {
        "type" : "string" ,
        "required" : false
      } ,
      "updated_time" : {
        "type" : "string" ,
        "required" : false
      } ,
      "title" : {
        "type" : "string" ,
        "required" : false
      } ,
      "link" : {
        "type" : "string" ,
        "required" : false
      } ,
      "application" : {
        "type" : "object" ,
        "required" : false
      } ,
      "unread" : {
        "type" : "number" ,
        "required" : false
      } ,
      "object" : {
        "type" : "object" ,
        "required" : false ,
        "properties" : {
          "id" : {
            "type" : "string" ,
            "required" : false
          } ,
          "name" : {
            "type" : "string" ,
            "required" : false
          }
        }
      }
    }
  }
}