{
  "required" : true ,
  "$schema" : "http://json-schema.org/draft-03/schema" ,
  "type" : "object" ,
  "properties" : {
    "id" : {
      "type" : "string" ,
      "required" : false
    } ,
    "url" : {
      "type" : "string" ,
      "required" : false
    } ,
    "type" : {
      "type" : "string" ,
      "required" : false
    } ,
    "title" : {
      "type" : "string" ,
      "required" : false
    } ,
    "image" : {
      "type" : "array" ,
      "required" : false ,
      "items" : [
        {
          "type" : "object" ,
          "properties" : {
            "url" : {
              "type" : "string" ,
              "required" : false
            } ,
            "width" : {
              "type" : "number" ,
              "required" : false
            } ,
            "height" : {
              "type" : "number" ,
              "required" : false
            }
          }
        }
      ]
    } ,
    "description" : {
      "type" : "string" ,
      "required" : false
    } ,
    "site_name" : {
      "type" : "string" ,
      "required" : false
    } ,
    "data" : {
      "type" : "object" ,
      "required" : false ,
      "properties" : {
        "author" : {
          "type" : "object" ,
          "required" : false ,
          "properties" : {
            "url" : {
              "type" : "string" ,
              "required" : false
            } ,
            "id" : {
              "type" : "string" ,
              "required" : false
            } ,
            "type" : {
              "type" : "string" ,
              "required" : false
            } ,
            "title" : {
              "type" : "string" ,
              "required" : false
            }
          }
        } ,
        "page_num" : {
          "type" : "number" ,
          "required" : false
        } ,
        "isbn" : {
          "type" : "string" ,
          "required" : false
        }
      }
    } ,
    "updated_time" : {
      "type" : "string" ,
      "required" : false
    } ,
    "created_time" : {
      "type" : "string" ,
      "required" : false
    } ,
    "application" : {
      "type" : "object" ,
      "required" : false ,
      "properties" : {
        "id" : {
          "type" : "string" ,
          "required" : false
        } ,
        "name" : {
          "type" : "string" ,
          "required" : false
        } ,
        "url" : {
          "type" : "string" ,
          "required" : false
        }
      }
    } ,
    "is_scraped" : {
      "type" : "boolean" ,
      "required" : false
    }
  }
}