{
  "required" : true ,
  "$schema" : "http://json-schema.org/draft-03/schema" ,
  "type" : "object" ,
  "properties" : {
    "claim_limit" : {
      "type" : "number" ,
      "required" : false
    } ,
    "coupon_type" : {
      "type" : "string" ,
      "required" : false
    } ,
    "created_time" : {
      "type" : "string" ,
      "required" : false
    } ,
    "expiration_time" : {
      "type" : "string" ,
      "required" : false
    } ,
    "from" : {
      "type" : "object" ,
      "required" : false ,
      "properties" : {
        "id" : {
          "type" : "string" ,
          "required" : false
        } ,
        "name" : {
          "type" : "string" ,
          "required" : false
        } ,
        "category" : {
          "type" : "string" ,
          "required" : false
        }
      }
    } ,
    "id" : {
      "type" : "string" ,
      "required" : false
    } ,
    "image_url" : {
      "type" : "string" ,
      "required" : false
    } ,
    "published" : {
      "type" : "boolean" ,
      "required" : false
    } ,
    "redemption_code" : {
      "type" : "string" ,
      "required" : false
    } ,
    "redemption_link" : {
      "type" : "string" ,
      "required" : false
    } ,
    "reminder_time" : {
      "type" : "string" ,
      "required" : false
    } ,
    "scheduled_publish_time" : {
      "type" : "string" ,
      "required" : false
    } ,
    "terms" : {
      "type" : "string" ,
      "required" : false
    } ,
    "title" : {
      "type" : "string" ,
      "required" : false
    }
  }
}