{
  "required" : true ,
  "$schema" : "http://json-schema.org/draft-03/schema" ,
  "type" : "object" ,
  "properties" : {
    "data" : {
      "type" : "array" ,
      "required" : false ,
      "items" : [
        {
          "type" : "object" ,
          "properties" : {
            "installed" : {
              "type" : "number" ,
              "required" : false
            } ,
            "read_stream" : {
              "type" : "number" ,
              "required" : false
            } ,
            "read_mailbox" : {
              "type" : "number" ,
              "required" : false
            } ,
            "publish_actions" : {
              "type" : "number" ,
              "required" : false
            } ,
            "user_groups" : {
              "type" : "number" ,
              "required" : false
            } ,
            "user_events" : {
              "type" : "number" ,
              "required" : false
            }
          }
        }
      ]
    }
  }
}