{
  "required" : true ,
  "$schema" : "http://json-schema.org/draft-03/schema" ,
  "type" : "array" ,
  "items" : {
    "type" : "object" ,
    "required" : false ,
    "properties" : {
    "url" : {
      "type" : "string" ,
      "required" : false
    } ,
    "is_silhouette" : {
      "type" : "boolean" ,
      "required" : false
    } ,
    "height" : {
      "type" : "string" ,
      "required" : false
    } ,
    "width" : {
      "type" : "string" ,
      "required" : false
    }
    }
  }
}