{
  "required" : true ,
  "$schema" : "http://json-schema.org/draft-03/schema" ,
  "type" : "array" ,
  "items" : {
    "type" : "object" ,
    "required" : false ,
    "properties" : {
      "actions" : {
        "type" : "array" ,
        "required" : false ,
        "items" : {
          "type" : "object" ,
          "required" : false ,
          "properties" : {
            "name" : {
              "type" : "string" ,
              "required" : false
            } ,
            "link" : {
              "type" : "string" ,
              "required" : false
            }
          }
        }
      } ,
      "application" : {
        "type" : "object" ,
        "required" : false ,
        "properties" : {
          "id" : {
            "type" : "string" ,
            "required" : false
          } ,
          "name" : {
            "type" : "string" ,
            "required" : false
          }
        }
      } ,
      "caption" : {
        "type" : "string" ,
        "required" : false
      } ,
      "comments" : {
        "type" : "object" ,
        "required" : false
      } ,
      "created_time" : {
        "type" : "string" ,
        "required" : false
      } ,
      "description" : {
        "type" : "string" ,
        "required" : false
      } ,
      "from" : {
        "type" : "object" ,
        "required" : false ,
        "properties" : {
          "id" : {
            "type" : "string" ,
            "required" : false
          } ,
          "name" : {
            "type" : "string" ,
            "required" : false
          }
        }
      } ,
      "icon" : {
        "type" : "string" ,
        "required" : false
      } ,
      "id" : {
        "type" : "string" ,
        "required" : false
      } ,
      "is_hidden" : {
        "type" : "boolean" ,
        "required" : false
      } ,
      "link" : {
        "type" : "string" ,
        "required" : false
      } ,
      "message" : {
        "type" : "string" ,
        "required" : false
      } ,
      "message_tags" : {
        "type" : "object" ,
        "required" : false ,
        "properties" : {
          "object " : {
            "type" : "object" ,
            "required" : false ,
            "properties" : {
              "id" : {
                "type" : "string" ,
                "required" : false
              } ,
              "name" : {
                "type" : "string" ,
                "required" : false
              } ,
              "offset" : {
                "type" : "string" ,
                "required" : false
              }
            }
          } ,
          "length" : {
            "type" : "string" ,
            "required" : false
          }
        }
      } ,
      "name" : {
        "type" : "string" ,
        "required" : false
      } ,
      "object_id" : {
        "type" : "number" ,
        "required" : false
      } ,
      "picture" : {
        "type" : "string" ,
        "required" : false
      } ,
      "place" : {
        "type" : "object" ,
        "required" : false ,
        "properties" : {
          "id" : {
            "type" : "string" ,
            "required" : false
          } ,
          "name" : {
            "type" : "string" ,
            "required" : false
          } ,
          "location" : {
            "type" : "string" ,
            "required" : false
          }
        }
      } ,
      "properties" : {
        "type" : "array" ,
        "required" : false ,
        "items" : {
          "type" : "object" ,
          "required" : false ,
          "properties" : {
            "name" : {
              "type" : "string" ,
              "required" : false
            } ,
            "text" : {
              "type" : "string" ,
              "required" : false
            }
          }
        }
      } ,
      "shares" : {
        "type" : "number" ,
        "required" : false
      } ,
      "source" : {
        "type" : "string" ,
        "required" : false
      } ,
      "status_type" : {
        "type" : "string" ,
        "required" : false
      } ,
      "story" : {
        "type" : "string" ,
        "required" : false
      } ,
      "story_tags" : {
        "type" : "object" ,
        "required" : false
      } ,
      "to" : {
        "type" : "object" ,
        "required" : false ,
        "properties" : {
          "data" : {
            "type" : "array" ,
            "required" : false ,
            "items" : {
              "type" : "object" ,
              "required" : false ,
              "properties" : {
                "id" : {
                  "type" : "string" ,
                  "required" : false
                } ,
                "name" : {
                  "type" : "string" ,
                  "required" : false
                }
              }
            }
          }
        }
      } ,
      "type" : {
        "type" : "string" ,
        "required" : false
      } ,
      "updated_time" : {
        "type" : "string" ,
        "required" : false
      } ,
      "with_tags" : {
        "type" : "object" ,
        "required" : false ,
        "properties" : {
          "data" : {
            "type" : "array" ,
            "required" : false ,
            "items" : {
              "type" : "object" ,
              "required" : false ,
              "properties" : {
                "id" : {
                  "type" : "string" ,
                  "required" : false
                } ,
                "name" : {
                  "type" : "string" ,
                  "required" : false
                }
              }
            }
          }
        }
      }
    }
  }
}