{
  "required" : true ,
  "$schema" : "http://json-schema.org/draft-03/schema" ,
  "type" : "array" ,
  "items" : {
    "type" : "object" ,
    "required" : false ,
    "properties" : {
      "created_time" : {
        "type" : "string" ,
        "required" : false
      } ,
      "from" : {
        "type" : "string" ,
        "required" : false
      } ,
      "id" : {
        "type" : "string" ,
        "required" : false
      } ,
      "options" : {
        "type" : "array" ,
        "required" : false
      } ,
      "question" : {
        "type" : "string" ,
        "required" : false
      } ,
      "updated_time" : {
        "type" : "string" ,
        "required" : false
      }
    }
  }
}