{
  "required" : true ,
  "$schema" : "http://json-schema.org/draft-03/schema" ,
  "type" : "object" ,
  "properties" : {
    "open_graph_story" : {
      "type" : "object" ,
      "required" : false
    } ,
    "created_time" : {
      "type" : "string" ,
      "required" : false
    } ,
    "reviewer" : {
      "type" : "object" ,
      "required" : false ,
      "properties" : {
        "id" : {
          "type" : "string" ,
          "required" : false
        } ,
        "name" : {
          "type" : "string" ,
          "required" : false
        }
      }
    } ,
    "has_rating" : {
      "type" : "boolean" ,
      "required" : false
    } ,
    "has_review" : {
      "type" : "boolean" ,
      "required" : false
    } ,
    "rating" : {
      "type" : "number" ,
      "required" : false
    } ,
    "review_text" : {
      "type" : "string" ,
      "required" : false
    }
  }
}