{
  "required" : true ,
  "$schema" : "http://json-schema.org/draft-03/schema" ,
  "type" : "object" ,
  "properties" : {
    "data" : {
      "type" : "array" ,
      "required" : false ,
      "items" : [
        {
          "type" : "object" ,
          "properties" : {
            "id" : {
              "type" : "string" ,
              "required" : false
            } ,
            "from" : {
              "type" : "object" ,
              "required" : false ,
              "properties" : {
                "name" : {
                  "type" : "string" ,
                  "required" : false
                } ,
                "id" : {
                  "type" : "string" ,
                  "required" : false
                }
              }
            } ,
            "to" : {
              "type" : "object" ,
              "required" : false ,
              "properties" : {
                "name" : {
                  "type" : "string" ,
                  "required" : false
                } ,
                "namespace" : {
                  "type" : "string" ,
                  "required" : false
                } ,
                "id" : {
                  "type" : "string" ,
                  "required" : false
                }
              }
            } ,
            "rating" : {
              "type" : "number" ,
              "required" : false
            } ,
            "created_time" : {
              "type" : "string" ,
              "required" : false
            }
          }
        } , {
          "type" : "object" ,
          "properties" : {
            "id" : {
              "type" : "string" ,
              "required" : false
            } ,
            "to" : {
              "type" : "object" ,
              "required" : false ,
              "properties" : {
                "name" : {
                  "type" : "string" ,
                  "required" : false
                } ,
                "namespace" : {
                  "type" : "string" ,
                  "required" : false
                } ,
                "id" : {
                  "type" : "string" ,
                  "required" : false
                }
              }
            } ,
            "rating" : {
              "type" : "number" ,
              "required" : false
            } ,
            "created_time" : {
              "type" : "string" ,
              "required" : false
            }
          }
        } , {
          "type" : "object" ,
          "properties" : {
            "id" : {
              "type" : "string" ,
              "required" : false
            } ,
            "from" : {
              "type" : "object" ,
              "required" : false ,
              "properties" : {
                "name" : {
                  "type" : "string" ,
                  "required" : false
                } ,
                "id" : {
                  "type" : "string" ,
                  "required" : false
                }
              }
            } ,
            "to" : {
              "type" : "object" ,
              "required" : false ,
              "properties" : {
                "name" : {
                  "type" : "string" ,
                  "required" : false
                } ,
                "namespace" : {
                  "type" : "string" ,
                  "required" : false
                } ,
                "id" : {
                  "type" : "string" ,
                  "required" : false
                }
              }
            } ,
            "rating" : {
              "type" : "number" ,
              "required" : false
            } ,
            "message" : {
              "type" : "string" ,
              "required" : false
            } ,
            "created_time" : {
              "type" : "string" ,
              "required" : false
            }
          }
        }
      ]
    } ,
    "paging" : {
      "type" : "object" ,
      "required" : false ,
      "properties" : {
        "next" : {
          "type" : "string" ,
          "required" : false
        }
      }
    }
  }
}