{
  "required" : true ,
  "$schema" : "http://json-schema.org/draft-03/schema" ,
  "type" : "array" ,
  "items" : {
    "type" : "object" ,
    "required" : false ,
    "properties" : {
      "setting" : {
        "fstype" : {
           "enum": [ "PAGE_MODERATION_BLACKLIST", "PLATFORM_OPTOUTS_CAN_POST", "SHOW_RECENT_POSTS_BY_OTHERS", "USERS_CAN_MESSAGE", "USERS_CAN_POST", "USERS_CAN_POST_PHOTOS", "USERS_CAN_TAG_PHOTOS" ]
        } ,
        "required" : false
      } ,
      "value" : {
        "type" : "boolean" ,
        "required" : false
      }
    }
  }
}