{
  "required" : true ,
  "$schema" : "http://json-schema.org/draft-03/schema" ,
  "type" : "object" ,
  "properties" : {
      "from" : {
        "type" : "object" ,
        "required" : false ,
        "properties" : {
          "id" : {
            "type" : "string" ,
            "required" : false
          } ,
          "name" : {
            "type" : "string" ,
            "required" : false
          }
        }
      } ,
      "id" : {
        "type" : "string" ,
        "required" : false
      } ,
      "message" : {
        "type" : "string" ,
        "required" : false
      } ,
      "place" : {
        "type" : "object" ,
        "required" : false ,
        "properties" : {
          "id " : {
            "type" : "string" ,
            "required" : false
          } ,
          "name" : {
            "type" : "string" ,
            "required" : false
          } ,
          "location " : {
            "type" : "object" ,
            "required" : false ,
            "properties" : {
              "latitude" : {
                "type" : "string" ,
                "required" : false
              } ,
              "longitude" : {
                "type" : "string" ,
                "required" : false
              } ,
              "country" : {
                "type" : "string" ,
                "required" : false
              }
            }
          }
        }
      } ,
      "type" : {
        "type" : "string" ,
        "required" : false
      } ,
      "updated_time" : {
        "type" : "string" ,
        "required" : false
      }
  }
}