{
  "required" : true ,
  "$schema" : "http://json-schema.org/draft-03/schema" ,
  "type" : "array" ,
  "items" : {
    "type" : "object" ,
    "required" : false ,
    "properties" : {
      "id" : {
        "type" : "string" ,
        "required" : false
      } ,
      "image_url" : {
        "type" : "string" ,
        "required" : false
      } ,
      "name" : {
        "type" : "string" ,
        "required" : false
      } ,
      "link" : {
        "type" : "string" ,
        "required" : false
      } ,
      "application" : {
        "type" : "object" ,
        "required" : false
      } ,
      "is_permanent" : {
        "type" : "boolean" ,
        "required" : false
      } ,
      "position" : {
        "type" : "number" ,
        "required" : false
      } ,
      "is_non_connection_landing_tab" : {
        "type" : "boolean" ,
        "required" : false
      }
    }
  }
}