{
  "required" : true ,
  "$schema" : "http://json-schema.org/draft-03/schema" ,
  "type" : "array" ,
  "items" : {
    "type" : "object" ,
    "required" : false ,
    "properties" : {
      "created_time" : {
        "type" : "string" ,
        "required" : false
      } ,
      "tagging_user" : {
        "type" : "object" ,
        "required" : false ,
        "properties" : {
          "id" : {
            "type" : "string" ,
            "required" : false
          } ,
          "name" : {
            "type" : "string" ,
            "required" : false
          }
        }
      } ,
      "x" : {
        "type" : "number" ,
        "required" : false
      } ,
      "y" : {
        "type" : "number" ,
        "required" : false
      }
    }
  }
}