{
  "required" : true ,
  "$schema" : "http://json-schema.org/draft-03/schema" ,
  "type" : "object" ,
  "properties" : {
    "id" : {
      "type" : "string" ,
      "required" : false
    } ,
    "app_links" : {
      "type" : "string" ,
      "required" : false
    } ,
    "share" : {
      "type" : "object" ,
      "required" : false ,
      "properties" : {
        "comment_count" : {
          "type" : "number" ,
          "required" : false
        } ,
        "share_count" : {
          "type" : "number" ,
          "required" : false
        }
      }
    } ,
    "og_object" : {
      "type" : "object" ,
      "required" : false ,
      "properties" : {
        "id" : {
          "type" : "string" ,
          "required" : false
        } ,
        "description" : {
          "type" : "string" ,
          "required" : false
        } ,
        "title" : {
          "type" : "string" ,
          "required" : false
        } ,
        "type" : {
          "type" : "string" ,
          "required" : false
        } ,
        "updated_time" : {
          "type" : "string" ,
          "required" : false
        } ,
        "url" : {
          "type" : "string" ,
          "required" : false
        }
      }
    }
  }
}