{
  "required" : true ,
  "$schema" : "http://json-schema.org/draft-03/schema" ,
  "type" : "object" ,
  "properties" : {
    "data" : {
      "type" : "array" ,
      "required" : false ,
      "items" : [
        {
          "type" : "object" ,
          "properties" : {
            "name" : {
              "type" : "string" ,
              "required" : false
            } ,
            "unread" : {
              "type" : "number" ,
              "required" : false
            } ,
            "bookmark_order" : {
              "type" : "number" ,
              "required" : false
            } ,
            "id" : {
              "type" : "string" ,
              "required" : false
            }
          }
        }
      ]
    } ,
    "paging" : {
      "type" : "object" ,
      "required" : false ,
      "properties" : {
        "next" : {
          "type" : "string" ,
          "required" : false
        }
      }
    }
  }
}