<!--

     Copyright 2005-2016 Red Hat, Inc.

     Red Hat licenses this file to you under the Apache License, version
     2.0 (the "License"); you may not use this file except in compliance
     with the License.  You may obtain a copy of the License at

        http://www.apache.org/licenses/LICENSE-2.0

     Unless required by applicable law or agreed to in writing, software
     distributed under the License is distributed on an "AS IS" BASIS,
     WITHOUT WARRANTIES OR CONDITIONS OF ANY KIND, either express or
     implied.  See the License for the specific language governing
     permissions and limitations under the License.

-->
<assembly xmlns="http://maven.apache.org/plugins/maven-assembly-plugin/assembly/1.1.2"
          xmlns:xsi="http://www.w3.org/2001/XMLSchema-instance"
          xsi:schemaLocation="http://maven.apache.org/plugins/maven-assembly-plugin/assembly/1.1.2 http://maven.apache.org/xsd/assembly-1.1.2.xsd">
    <id>bin</id>
    <formats>
        <format>zip</format>
    </formats>
    <fileSets>
        <!-- add our own configuration files -->
        <fileSet>
            <directory>target/classes/etc</directory>
            <outputDirectory>/etc/</outputDirectory>
        </fileSet>
        <!-- add our custom assembly's system directory -->
        <fileSet>
            <directory>target/repository</directory>
            <outputDirectory>system</outputDirectory>
        </fileSet>
        <!-- add a set of bundles that are commonly listed in the etc/startup.properties -->
        <fileSet>
            <directory>target/original/jboss-fuse-${version}/system</directory>
            <outputDirectory>system</outputDirectory>
            <includes>
                <include>io/fabric8/fabric-ssl/**</include>
                <include>io/fabric8/patch/patch-management/**</include>
                <include>org/apache/felix/**</include>
                <include>org/apache/karaf/**</include>
                <include>org/jboss/fuse/esb-commands/**</include>
                <include>org/ops4j/pax/**</include>
                <include>org/jboss/fuse/jboss-fuse-karaf/${fuse}/jboss-fuse-karaf-${fuse}-baseline.zip</include>
            </includes>
        </fileSet>
        <!-- finally, add the remaining files from the original assembly (excluding the system folder) -->
        <fileSet>
            <directory>target/original/jboss-fuse-${version}</directory>
            <outputDirectory>/</outputDirectory>
            <excludes>
                <exclude>system/**</exclude>
            </excludes>
        </fileSet>
    </fileSets>
</assembly>