<?xml version="1.0" encoding="UTF-8" standalone="yes"?>
<response>
	<airports>
		<airport>
			<fs>CLO</fs>
			<iata>CLO</iata>
			<icao>SKCL</icao>
			<name>Alfonso B. Aragon Airport</name>
			<city>Cali</city>
			<cityCode>CLO</cityCode>
			<countryCode>CO</countryCode>
			<countryName>Colombia</countryName>
			<regionName>South America</regionName>
			<timeZoneRegionName>America/Bogota</timeZoneRegionName>
			<localTime>2015-04-23T22:36:14.889</localTime>
			<utcOffsetHours>-5.0</utcOffsetHours>
			<latitude>3.543056</latitude>
			<longitude>-76.381389</longitude>
			<elevationFeet>3162</elevationFeet>
			<classification>3</classification>
			<active>true</active>
			<delayIndexUrl>https://api.flightstats.com/flex/delayindex/rest/v1/json/airports/CLO?codeType=fs</delayIndexUrl>
			<weatherUrl>https://api.flightstats.com/flex/weather/rest/v1/json/all/CLO?codeType=fs</weatherUrl>
		</airport>
		<airport>
			<fs>KGT</fs>
			<iata>KGT</iata>
			<icao>ZUKD</icao>
			<name>Kangding Airport</name>
			<city>Kangding</city>
			<countryCode>CN</countryCode>
			<countryName>China</countryName>
			<regionName>Asia</regionName>
			<timeZoneRegionName>Asia/Shanghai</timeZoneRegionName>
			<localTime>2015-04-24T11:36:14.889</localTime>
			<utcOffsetHours>8.0</utcOffsetHours>
			<latitude>30.13176</latitude>
			<longitude>101.747534</longitude>
			<elevationFeet>13916</elevationFeet>
			<classification>4</classification>
			<active>true</active>
			<delayIndexUrl>https://api.flightstats.com/flex/delayindex/rest/v1/json/airports/KGT?codeType=fs</delayIndexUrl>
			<weatherUrl>https://api.flightstats.com/flex/weather/rest/v1/json/all/KGT?codeType=fs</weatherUrl>
		</airport>
		<airport>
			<fs>RHP</fs>
			<iata>RHP</iata>
			<icao>VNRC</icao>
			<name>Ramechhap Airport</name>
			<city>Ramechhap</city>
			<cityCode>RHP</cityCode>
			<countryCode>NP</countryCode>
			<countryName>Nepal</countryName>
			<regionName>Asia</regionName>
			<timeZoneRegionName>Asia/Kathmandu</timeZoneRegionName>
			<localTime>2015-04-24T09:21:14.889</localTime>
			<utcOffsetHours>5.75</utcOffsetHours>
			<latitude>27.333333</latitude>
			<longitude>86.083333</longitude>
			<elevationFeet>1555</elevationFeet>
			<classification>4</classification>
			<active>true</active>
			<delayIndexUrl>https://api.flightstats.com/flex/delayindex/rest/v1/json/airports/RHP?codeType=fs</delayIndexUrl>
			<weatherUrl>https://api.flightstats.com/flex/weather/rest/v1/json/all/RHP?codeType=fs</weatherUrl>
		</airport>
		<airport>
			<fs>BJU</fs>
			<iata>BJU</iata>
			<icao>VNBR</icao>
			<name>Bajura Airport</name>
			<city>Bajura</city>
			<cityCode>BJU</cityCode>
			<countryCode>NP</countryCode>
			<countryName>Nepal</countryName>
			<regionName>Asia</regionName>
			<timeZoneRegionName>Asia/Kathmandu</timeZoneRegionName>
			<localTime>2015-04-24T09:21:14.889</localTime>
			<utcOffsetHours>5.75</utcOffsetHours>
			<latitude>29.366667</latitude>
			<longitude>81.333333</longitude>
			<elevationFeet>4300</elevationFeet>
			<classification>4</classification>
			<active>true</active>
			<delayIndexUrl>https://api.flightstats.com/flex/delayindex/rest/v1/json/airports/BJU?codeType=fs</delayIndexUrl>
			<weatherUrl>https://api.flightstats.com/flex/weather/rest/v1/json/all/BJU?codeType=fs</weatherUrl>
		</airport>
		<airport>
			<fs>BUD</fs>
			<iata>BUD</iata>
			<icao>LHBP</icao>
			<name>Budapest Ferenc Liszt International Airport</name>
			<city>Budapest</city>
			<cityCode>BUD</cityCode>
			<countryCode>HU</countryCode>
			<countryName>Hungary</countryName>
			<regionName>Europe</regionName>
			<timeZoneRegionName>Europe/Budapest</timeZoneRegionName>
			<localTime>2015-04-24T05:36:14.889</localTime>
			<utcOffsetHours>2.0</utcOffsetHours>
			<latitude>47.433037</latitude>
			<longitude>19.261621</longitude>
			<elevationFeet>495</elevationFeet>
			<classification>2</classification>
			<active>true</active>
			<delayIndexUrl>https://api.flightstats.com/flex/delayindex/rest/v1/json/airports/BUD?codeType=fs</delayIndexUrl>
			<weatherUrl>https://api.flightstats.com/flex/weather/rest/v1/json/all/BUD?codeType=fs</weatherUrl>
		</airport>
		<airport>
			<fs>AWT</fs>
			<iata>AWT</iata>
			<icao>VIAW</icao>
			<name>Awantipur</name>
			<city>Awantipur</city>
			<countryCode>IN</countryCode>
			<countryName>India</countryName>
			<regionName>Asia</regionName>
			<timeZoneRegionName>Asia/Kolkata</timeZoneRegionName>
			<localTime>2015-04-24T09:06:14.889</localTime>
			<utcOffsetHours>5.5</utcOffsetHours>
			<latitude>33.876628</latitude>
			<longitude>74.975681</longitude>
			<elevationFeet>5396</elevationFeet>
			<classification>4</classification>
			<active>true</active>
			<delayIndexUrl>https://api.flightstats.com/flex/delayindex/rest/v1/json/airports/AWT?codeType=fs</delayIndexUrl>
			<weatherUrl>https://api.flightstats.com/flex/weather/rest/v1/json/all/AWT?codeType=fs</weatherUrl>
		</airport>
		<airport>
			<fs>USH</fs>
			<iata>USH</iata>
			<icao>SAWH</icao>
			<name>Malvinas Argentinas International Airport</name>
			<city>Ushuaia</city>
			<cityCode>USH</cityCode>
			<stateCode>TF</stateCode>
			<countryCode>AR</countryCode>
			<countryName>Argentina</countryName>
			<regionName>South America</regionName>
			<timeZoneRegionName>America/Argentina/Buenos_Aires</timeZoneRegionName>
			<localTime>2015-04-24T00:36:14.889</localTime>
			<utcOffsetHours>-3.0</utcOffsetHours>
			<latitude>-54.839347</latitude>
			<longitude>-68.312449</longitude>
			<elevationFeet>92</elevationFeet>
			<classification>4</classification>
			<active>true</active>
			<delayIndexUrl>https://api.flightstats.com/flex/delayindex/rest/v1/json/airports/USH?codeType=fs</delayIndexUrl>
			<weatherUrl>https://api.flightstats.com/flex/weather/rest/v1/json/all/USH?codeType=fs</weatherUrl>
		</airport>
		<airport>
			<fs>RTM</fs>
			<iata>RTM</iata>
			<icao>EHRD</icao>
			<name>Rotterdam The Hague Airport</name>
			<city>Rotterdam</city>
			<cityCode>RTM</cityCode>
			<countryCode>NL</countryCode>
			<countryName>Netherlands</countryName>
			<regionName>Europe</regionName>
			<timeZoneRegionName>Europe/Amsterdam</timeZoneRegionName>
			<localTime>2015-04-24T05:36:14.889</localTime>
			<utcOffsetHours>2.0</utcOffsetHours>
			<latitude>51.948949</latitude>
			<longitude>4.433606</longitude>
			<elevationFeet>-14</elevationFeet>
			<classification>3</classification>
			<active>true</active>
			<delayIndexUrl>https://api.flightstats.com/flex/delayindex/rest/v1/json/airports/RTM?codeType=fs</delayIndexUrl>
			<weatherUrl>https://api.flightstats.com/flex/weather/rest/v1/json/all/RTM?codeType=fs</weatherUrl>
		</airport>
		<airport>
			<fs>RST</fs>
			<iata>RST</iata>
			<icao>KRST</icao>
			<faa>RST</faa>
			<name>Rochester International Airport</name>
			<street1>7600 Helgerson Drive Southwest</street1>
			<city>Rochester</city>
			<cityCode>RST</cityCode>
			<stateCode>MN</stateCode>
			<postalCode>55902</postalCode>
			<countryCode>US</countryCode>
			<countryName>United States</countryName>
			<regionName>North America</regionName>
			<timeZoneRegionName>America/Chicago</timeZoneRegionName>
			<weatherZone>MNZ087</weatherZone>
			<localTime>2015-04-23T22:36:14.889</localTime>
			<utcOffsetHours>-5.0</utcOffsetHours>
			<latitude>43.910793</latitude>
			<longitude>-92.489768</longitude>
			<elevationFeet>1317</elevationFeet>
			<classification>3</classification>
			<active>true</active>
			<delayIndexUrl>https://api.flightstats.com/flex/delayindex/rest/v1/json/airports/RST?codeType=fs</delayIndexUrl>
			<weatherUrl>https://api.flightstats.com/flex/weather/rest/v1/json/all/RST?codeType=fs</weatherUrl>
		</airport>
	</airports>
</response>