<?xml version="1.0" encoding="UTF-8" standalone="yes"?><response><rule><id>264823741</id><name>Default</name><carrierFsCode>AA</carrierFsCode><flightNumber>1113</flightNumber><departureAirportFsCode>LAX</departureAirportFsCode><arrivalAirportFsCode>ORD</arrivalAirportFsCode><departure>2015-05-02T01:30:00.000</departure><arrival>2015-05-02T07:38:00.000</arrival><ruleEvents><ruleEvent><type>ALL_CHANGES</type></ruleEvent></ruleEvents><nameValues/><delivery><format>json</format><destination>your@email.com</destination></delivery></rule><appendix><airlines><airline><fs>AA</fs><iata>AA</iata><icao>AAL</icao><name>American Airlines</name><phoneNumber>1-800-433-7300</phoneNumber><active>true</active></airline></airlines><airports><airport><fs>ORD</fs><iata>ORD</iata><icao>KORD</icao><faa>ORD</faa><name>O'Hare International Airport</name><street1>10000 West O'Hare</street1><city>Chicago</city><cityCode>CHI</cityCode><stateCode>IL</stateCode><postalCode>60666</postalCode><countryCode>US</countryCode><countryName>United States</countryName><regionName>North America</regionName><timeZoneRegionName>America/Chicago</timeZoneRegionName><weatherZone>ILZ014</weatherZone><localTime>2015-04-27T22:15:34.413</localTime><utcOffsetHours>-5.0</utcOffsetHours><latitude>41.976912</latitude><longitude>-87.904876</longitude><elevationFeet>668</elevationFeet><classification>1</classification><active>true</active></airport><airport><fs>LAX</fs><iata>LAX</iata><icao>KLAX</icao><faa>LAX</faa><name>Los Angeles International Airport</name><street1>One World Way</street1><street2></street2><city>Los Angeles</city><cityCode>LAX</cityCode><stateCode>CA</stateCode><postalCode>90045-5803</postalCode><countryCode>US</countryCode><countryName>United States</countryName><regionName>North America</regionName><timeZoneRegionName>America/Los_Angeles</timeZoneRegionName><weatherZone>CAZ041</weatherZone><localTime>2015-04-27T20:15:34.413</localTime><utcOffsetHours>-7.0</utcOffsetHours><latitude>33.943399</latitude><longitude>-118.408279</longitude><elevationFeet>126</elevationFeet><classification>1</classification><active>true</active></airport></airports></appendix><request><url>https://api.flightstats.com/flex/alerts/rest/v1/xml/get/264823741</url><ruleId><requested>264823741</requested><interpreted>264823741</interpreted></ruleId><extendedOptions/></request></response>