{
  "request" : {
    "ruleId" : {
      "requested" : "264823741" ,
      "interpreted" : "264823741"
    } ,
    "extendedOptions" : {
    } ,
    "url" : "https://api.flightstats.com/flex/alerts/rest/v1/json/get/264823741"
  } ,
  "rule" : {
    "id" : "264823741" ,
    "name" : "Default" ,
    "carrierFsCode" : "AA" ,
    "flightNumber" : "1113" ,
    "departureAirportFsCode" : "LAX" ,
    "arrivalAirportFsCode" : "ORD" ,
    "departure" : "2015-05-02T01:30:00.000" ,
    "arrival" : "2015-05-02T07:38:00.000" ,
    "ruleEvents" : [
      {
        "type" : "ALL_CHANGES"
      }
    ] ,
    "nameValues" : [
    ] ,
    "delivery" : {
      "format" : "json" ,
      "destination" : "your@email.com"
    }
  } ,
  "appendix" : {
    "airlines" : [
      {
        "fs" : "AA" ,
        "iata" : "AA" ,
        "icao" : "AAL" ,
        "name" : "American Airlines" ,
        "phoneNumber" : "1-800-433-7300" ,
        "active" : true
      }
    ] ,
    "airports" : [
      {
        "fs" : "ORD" ,
        "iata" : "ORD" ,
        "icao" : "KORD" ,
        "faa" : "ORD" ,
        "name" : "O'Hare International Airport" ,
        "street1" : "10000 West O'Hare" ,
        "city" : "Chicago" ,
        "cityCode" : "CHI" ,
        "stateCode" : "IL" ,
        "postalCode" : "60666" ,
        "countryCode" : "US" ,
        "countryName" : "United States" ,
        "regionName" : "North America" ,
        "timeZoneRegionName" : "America/Chicago" ,
        "weatherZone" : "ILZ014" ,
        "localTime" : "2015-04-27T22:08:18.503" ,
        "utcOffsetHours" : -5 ,
        "latitude" : 41.976912 ,
        "longitude" : -87.904876 ,
        "elevationFeet" : 668 ,
        "classification" : 1 ,
        "active" : true
      } , {
        "fs" : "LAX" ,
        "iata" : "LAX" ,
        "icao" : "KLAX" ,
        "faa" : "LAX" ,
        "name" : "Los Angeles International Airport" ,
        "street1" : "One World Way" ,
        "street2" : "" ,
        "city" : "Los Angeles" ,
        "cityCode" : "LAX" ,
        "stateCode" : "CA" ,
        "postalCode" : "90045-5803" ,
        "countryCode" : "US" ,
        "countryName" : "United States" ,
        "regionName" : "North America" ,
        "timeZoneRegionName" : "America/Los_Angeles" ,
        "weatherZone" : "CAZ041" ,
        "localTime" : "2015-04-27T20:08:18.503" ,
        "utcOffsetHours" : -7 ,
        "latitude" : 33.943399 ,
        "longitude" : -118.408279 ,
        "elevationFeet" : 126 ,
        "classification" : 1 ,
        "active" : true
      }
    ]
  }
}