{
  "request" : {
    "url" : "https://api.flightstats.com/flex/weather/rest/v1/json/all/ORD" ,
    "airport" : {
      "requestedCode" : "ORD" ,
      "fsCode" : "ORD"
    } ,
    "codeType" : {
    }
  } ,
  "metar" : {
    "report" : "KORD 280651Z 00000KT 10SM CLR 04/01 A3013 RMK AO2 SLP204 T00390006" ,
    "reportTime" : "2015-04-28T06:51:00.000Z" ,
    "weatherStationIcao" : "KORD" ,
    "tags" : [
      {
        "key" : "Freezing" ,
        "value" : "4"
      } , {
        "key" : "Instrumentation" ,
        "value" : "VFR"
      } , {
        "key" : "Prevailing Conditions" ,
        "value" : "Clear"
      }
    ] ,
    "conditions" : {
      "wind" : {
        "direction" : 0 ,
        "directionIsVariable" : false ,
        "speedKnots" : "0.00"
      } ,
      "visibility" : {
        "miles" : "10.00" ,
        "lessThan" : false ,
        "cavok" : false
      } ,
      "weatherConditions" : [
      ] ,
      "skyConditions" : [
        {
          "coverage" : "Clear"
        }
      ] ,
      "pressureInchesHg" : "30.13"
    } ,
    "temperatureCelsius" : "3.90" ,
    "dewPointCelsius" : "0.60" ,
    "runwayVisualRanges" : [
    ] ,
    "obscurations" : [
    ] ,
    "noSignificantChange" : false
  } ,
  "taf" : {
    "report" : "TAF KORD 280520Z 2806/2912 36003KT P6SM FEW250 FM281500 03007KT P6SM FEW250 FM282000 05011KT P6SM FEW250 FM290200 VRB03KT P6SM FEW250" ,
    "reportTime" : "2015-04-28T06:21:00.000Z" ,
    "observationTime" : "2015-04-28T05:20:00.000Z" ,
    "reportType" : "Normal" ,
    "weatherStationIcao" : "KORD" ,
    "forecasts" : [
      {
        "type" : "Base" ,
        "start" : "2015-04-28T06:00:00.000Z" ,
        "end" : "2015-04-29T12:00:00.000Z" ,
        "conditions" : {
          "wind" : {
            "direction" : 360 ,
            "directionIsVariable" : false ,
            "speedKnots" : "3.00"
          } ,
          "visibility" : {
            "miles" : "6.00" ,
            "lessThan" : false ,
            "cavok" : false
          } ,
          "weatherConditions" : [
          ] ,
          "skyConditions" : [
            {
              "coverage" : "Few clouds" ,
              "base" : 25000
            }
          ]
        }
      } , {
        "type" : "From" ,
        "start" : "2015-04-28T15:00:00.000Z" ,
        "end" : "2015-04-29T00:00:00.000Z" ,
        "conditions" : {
          "wind" : {
            "direction" : 30 ,
            "directionIsVariable" : false ,
            "speedKnots" : "7.00"
          } ,
          "visibility" : {
            "miles" : "6.00" ,
            "lessThan" : false ,
            "cavok" : false
          } ,
          "weatherConditions" : [
          ] ,
          "skyConditions" : [
            {
              "coverage" : "Few clouds" ,
              "base" : 25000
            }
          ]
        }
      } , {
        "type" : "From" ,
        "start" : "2015-04-28T20:00:00.000Z" ,
        "end" : "2015-04-29T00:00:00.000Z" ,
        "conditions" : {
          "wind" : {
            "direction" : 50 ,
            "directionIsVariable" : false ,
            "speedKnots" : "11.00"
          } ,
          "visibility" : {
            "miles" : "6.00" ,
            "lessThan" : false ,
            "cavok" : false
          } ,
          "weatherConditions" : [
          ] ,
          "skyConditions" : [
            {
              "coverage" : "Few clouds" ,
              "base" : 25000
            }
          ]
        }
      } , {
        "type" : "From" ,
        "start" : "2015-04-29T02:00:00.000Z" ,
        "end" : "2015-04-30T00:00:00.000Z" ,
        "conditions" : {
          "wind" : {
            "directionIsVariable" : true ,
            "speedKnots" : "3.00"
          } ,
          "visibility" : {
            "miles" : "6.00" ,
            "lessThan" : false ,
            "cavok" : false
          } ,
          "weatherConditions" : [
          ] ,
          "skyConditions" : [
            {
              "coverage" : "Few clouds" ,
              "base" : 25000
            }
          ]
        }
      }
    ]
  } ,
  "zoneForecast" : {
    "header" : "COOK-INCLUDING THE CITIES OF...CHICAGO850 PM CDT MON APR 27 2015" ,
    "general" : "Expires:201504281615;;912780 FPUS53 KLOT 280150 ZFPLOT ZONE FORECAST PRODUCT NATIONAL WEATHER SERVICE CHICAGO/ROMEOVILLE IL 850 PM CDT MON APR 27 2015" ,
    "zones" : [
      "ILZ014"
    ] ,
    "reportTime" : "2015-04-27T20:50:00.000-05:00" ,
    "cities" : [
      "Chicago"
    ] ,
    "zoneNames" : [
      "Cook"
    ] ,
    "dayForecasts" : [
      {
        "day" : "Rest Of Tonight" ,
        "forecast" : "Clear. Patchy frost outlying areas after midnight. Lows in the mid 30s in the suburbs...but around 40 downtown. North winds 5 to 10 mph." ,
        "start" : "2015-04-27T20:50:00.000" ,
        "end" : "2015-04-28T06:00:00.000" ,
        "tags" : [
          {
            "key" : "Prevailing Conditions" ,
            "value" : "Clear"
          }
        ]
      } , {
        "day" : "Tuesday" ,
        "forecast" : "Sunny. Highs in the upper 50s inland...but only in the lower 50s near the lake. Northeast winds 10 to 15 mph." ,
        "start" : "2015-04-28T06:00:00.000" ,
        "end" : "2015-04-28T18:00:00.000" ,
        "tags" : [
          {
            "key" : "Prevailing Conditions" ,
            "value" : "Sunny"
          }
        ]
      } , {
        "day" : "Tuesday Night" ,
        "forecast" : "Mostly clear. Lows in the upper 30s. North winds 5 to 10 mph." ,
        "start" : "2015-04-28T18:00:00.000" ,
        "end" : "2015-04-29T06:00:00.000" ,
        "tags" : [
          {
            "key" : "Prevailing Conditions" ,
            "value" : "Mostly Clear"
          }
        ]
      } , {
        "day" : "Wednesday" ,
        "forecast" : "Partly cloudy. Highs in the lower 60s inland...but only in the lower 50s near the lake. North winds 10 to 15 mph." ,
        "start" : "2015-04-29T06:00:00.000" ,
        "end" : "2015-04-29T18:00:00.000" ,
        "tags" : [
          {
            "key" : "Prevailing Conditions" ,
            "value" : "Partly Cloudy"
          }
        ]
      } , {
        "day" : "Wednesday Night" ,
        "forecast" : "Partly cloudy. Lows around 40. North winds 10 to 15 mph." ,
        "start" : "2015-04-29T18:00:00.000" ,
        "end" : "2015-04-30T06:00:00.000" ,
        "tags" : [
          {
            "key" : "Prevailing Conditions" ,
            "value" : "Partly Cloudy"
          }
        ]
      } , {
        "day" : "Thursday" ,
        "forecast" : "Partly cloudy. Highs in the mid 50s inland...but only around 50 near the lake." ,
        "start" : "2015-04-30T06:00:00.000" ,
        "end" : "2015-04-30T18:00:00.000" ,
        "tags" : [
          {
            "key" : "Prevailing Conditions" ,
            "value" : "Partly Cloudy"
          }
        ]
      } , {
        "day" : "Thursday Night" ,
        "forecast" : "Mostly clear. Lows in the lower 40s. " ,
        "start" : "2015-04-30T18:00:00.000" ,
        "end" : "2015-05-01T06:00:00.000" ,
        "tags" : [
          {
            "key" : "Prevailing Conditions" ,
            "value" : "Mostly Clear"
          }
        ]
      } , {
        "day" : "Friday" ,
        "forecast" : "Mostly sunny. Highs in the mid 60s inland...but only in the mid 50s near the lake." ,
        "start" : "2015-05-01T06:00:00.000" ,
        "end" : "2015-05-01T18:00:00.000" ,
        "tags" : [
          {
            "key" : "Prevailing Conditions" ,
            "value" : "Sunny"
          }
        ]
      } , {
        "day" : "Friday Night" ,
        "forecast" : "Partly cloudy. Lows in the upper 40s. " ,
        "start" : "2015-05-01T18:00:00.000" ,
        "end" : "2015-05-02T06:00:00.000" ,
        "tags" : [
          {
            "key" : "Prevailing Conditions" ,
            "value" : "Partly Cloudy"
          }
        ]
      } , {
        "day" : "Saturday And Saturday Night" ,
        "forecast" : "Partly cloudy. Highs in the mid 70s. Lows around 50." ,
        "start" : "2015-05-02T06:00:00.000" ,
        "end" : "2015-05-03T06:00:00.000" ,
        "tags" : [
          {
            "key" : "Prevailing Conditions" ,
            "value" : "Partly Cloudy"
          }
        ]
      } , {
        "day" : "Sunday" ,
        "forecast" : "Partly sunny with a 30 percent chance of showers and thunderstorms. Highs in the mid 70s inland...but only in the mid to upper 60s near the lake." ,
        "start" : "2015-05-03T06:00:00.000" ,
        "end" : "2015-05-03T18:00:00.000" ,
        "tags" : [
          {
            "key" : "Prevailing Conditions" ,
            "value" : "Thunderstorms"
          }
        ]
      } , {
        "day" : "Sunday Night" ,
        "forecast" : "Mostly cloudy with a 50 percent chance of showers and thunderstorms. Lows in the upper 50s." ,
        "start" : "2015-05-03T18:00:00.000" ,
        "end" : "2015-05-04T06:00:00.000" ,
        "tags" : [
          {
            "key" : "Prevailing Conditions" ,
            "value" : "Thunderstorms"
          }
        ]
      } , {
        "day" : "Monday" ,
        "forecast" : "Mostly cloudy with a 40 percent chance of showers and thunderstorms. Highs in the upper 70s." ,
        "start" : "2015-04-27T20:50:00.000" ,
        "end" : "2015-04-27T18:00:00.000" ,
        "tags" : [
          {
            "key" : "Prevailing Conditions" ,
            "value" : "Thunderstorms"
          }
        ]
      }
    ]
  } ,
  "appendix" : {
    "airports" : [
      {
        "fs" : "ORD" ,
        "iata" : "ORD" ,
        "icao" : "KORD" ,
        "faa" : "ORD" ,
        "name" : "O'Hare International Airport" ,
        "street1" : "10000 West O'Hare" ,
        "city" : "Chicago" ,
        "cityCode" : "CHI" ,
        "stateCode" : "IL" ,
        "postalCode" : "60666" ,
        "countryCode" : "US" ,
        "countryName" : "United States" ,
        "regionName" : "North America" ,
        "timeZoneRegionName" : "America/Chicago" ,
        "weatherZone" : "ILZ014" ,
        "localTime" : "2015-04-28T02:55:03.172" ,
        "utcOffsetHours" : -5 ,
        "latitude" : 41.976912 ,
        "longitude" : -87.904876 ,
        "elevationFeet" : 668 ,
        "classification" : 1 ,
        "active" : true ,
        "delayIndexUrl" : "https://api.flightstats.com/flex/delayindex/rest/v1/json/airports/ORD?codeType=fs"
      }
    ]
  }
}