 <flightStatus>
  <flightId>271046927</flightId>
  <carrier>
	  <fs>AA</fs>
	  <iata>AA</iata>
	  <icao>AAL</icao>
	  <name>American Airlines</name>
	  <phoneNumber>1-800-433-7300</phoneNumber>
	  <active>true</active>
  </carrier>
  <flightNumber>100</flightNumber>
  <departureAirport>
	  <fs>JFK</fs>
	  <iata>JFK</iata>
	  <icao>KJFK</icao>
	  <faa>JFK</faa>
	  <name>John F. Kennedy International Airport</name>
	  <street1>JFK Airport</street1>
	  <street2/>
	  <city>New York</city>
	  <cityCode>NYC</cityCode>
	  <stateCode>NY</stateCode>
	  <postalCode>11430</postalCode>
	  <countryCode>US</countryCode>
	  <countryName>United States</countryName>
	  <regionName>North America</regionName>
	  <timeZoneRegionName>America/New_York</timeZoneRegionName>
	  <weatherZone>NYZ076</weatherZone>
	  <localTime>2012-08-09T14:49:12.368</localTime>
	  <utcOffsetHours>-4.0</utcOffsetHours>
	  <latitude>40.642335</latitude>
	  <longitude>-73.78817</longitude>
	  <elevationFeet>13</elevationFeet>
	  <classification>1</classification>
	  <active>true</active>
	  <delayIndexUrl>https://api.flightstats.com/flex/delayindex/rest/v1/json/airports/JFK?codeType=fs</delayIndexUrl>
	  <weatherUrl>https://api.flightstats.com/flex/weather/rest/v1/json/all/JFK?codeType=fs</weatherUrl>
  </departureAirport>
  <arrivalAirport>
	  <fs>LHR</fs>
	  <iata>LHR</iata>
	  <icao>EGLL</icao>
	  <name>Heathrow Airport</name>
	  <city>London</city>
	  <cityCode>LON</cityCode>
	  <stateCode>EN</stateCode>
	  <countryCode>GB</countryCode>
	  <countryName>United Kingdom</countryName>
	  <regionName>Europe</regionName>
	  <timeZoneRegionName>Europe/London</timeZoneRegionName>
	  <localTime>2012-08-09T19:49:12.368</localTime>
	  <utcOffsetHours>1.0</utcOffsetHours>
	  <latitude>51.469603</latitude>
	  <longitude>-0.453566</longitude>
	  <elevationFeet>80</elevationFeet>
	  <classification>1</classification>
	  <active>true</active>
	  <delayIndexUrl>https://api.flightstats.com/flex/delayindex/rest/v1/json/airports/LHR?codeType=fs</delayIndexUrl>
	  <weatherUrl>https://api.flightstats.com/flex/weather/rest/v1/json/all/LHR?codeType=fs</weatherUrl>
  </arrivalAirport>
  <departureDate>
	  <dateLocal>2012-08-07T18:10:00.000</dateLocal>
	  <dateUtc>2012-08-07T22:10:00.000Z</dateUtc>
  </departureDate>
  <arrivalDate>
	  <dateLocal>2012-08-08T06:20:00.000</dateLocal>
	  <dateUtc>2012-08-08T05:20:00.000Z</dateUtc>
  </arrivalDate>
  <status>L</status>
  <schedule>
	  <flightType>J</flightType>
	  <serviceClasses>RFJY</serviceClasses>
	  <restrictions/>
  </schedule>
  <operationalTimes>
	  <publishedDeparture>
		  <dateLocal>2012-08-07T18:10:00.000</dateLocal>
		  <dateUtc>2012-08-07T22:10:00.000Z</dateUtc>
	  </publishedDeparture>
	  <publishedArrival>
		  <dateLocal>2012-08-08T06:20:00.000</dateLocal>
		  <dateUtc>2012-08-08T05:20:00.000Z</dateUtc>
	  </publishedArrival>
	  <scheduledGateDeparture>
		  <dateLocal>2012-08-07T18:10:00.000</dateLocal>
		  <dateUtc>2012-08-07T22:10:00.000Z</dateUtc>
	  </scheduledGateDeparture>
	  <actualGateDeparture>
		  <dateLocal>2012-08-07T18:05:00.000</dateLocal>
		  <dateUtc>2012-08-07T22:05:00.000Z</dateUtc>
	  </actualGateDeparture>
	  <flightPlanPlannedDeparture>
		  <dateLocal>2012-08-07T18:54:00.000</dateLocal>
		  <dateUtc>2012-08-07T22:54:00.000Z</dateUtc>
	  </flightPlanPlannedDeparture>
	  <estimatedRunwayDeparture>
		  <dateLocal>2012-08-07T18:49:00.000</dateLocal>
		  <dateUtc>2012-08-07T22:49:00.000Z</dateUtc>
	  </estimatedRunwayDeparture>
	  <actualRunwayDeparture>
		  <dateLocal>2012-08-07T18:23:00.000</dateLocal>
		  <dateUtc>2012-08-07T22:23:00.000Z</dateUtc>
	  </actualRunwayDeparture>
	  <scheduledGateArrival>
		  <dateLocal>2012-08-08T06:20:00.000</dateLocal>
		  <dateUtc>2012-08-08T05:20:00.000Z</dateUtc>
	  </scheduledGateArrival>
	  <estimatedGateArrival>
		  <dateLocal>2012-08-08T06:07:00.000</dateLocal>
		  <dateUtc>2012-08-08T05:07:00.000Z</dateUtc>
	  </estimatedGateArrival>
	  <actualGateArrival>
		  <dateLocal>2012-08-08T06:09:00.000</dateLocal>
		  <dateUtc>2012-08-08T05:09:00.000Z</dateUtc>
	  </actualGateArrival>
	  <flightPlanPlannedArrival>
		  <dateLocal>2012-08-08T06:14:00.000</dateLocal>
		  <dateUtc>2012-08-08T05:14:00.000Z</dateUtc>
	  </flightPlanPlannedArrival>
	  <estimatedRunwayArrival>
		  <dateLocal>2012-08-08T06:07:00.000</dateLocal>
		  <dateUtc>2012-08-08T05:07:00.000Z</dateUtc>
	  </estimatedRunwayArrival>
	  <actualRunwayArrival>
		  <dateLocal>2012-08-08T06:05:00.000</dateLocal>
		  <dateUtc>2012-08-08T05:05:00.000Z</dateUtc>
	  </actualRunwayArrival>
  </operationalTimes>
  <codeshares>
	  <codeshare>
		  <carrier>
			  <fs>LY</fs>
			  <iata>LY</iata>
			  <icao>ELY</icao>
			  <name>El Al</name>
			  <active>true</active>
		  </carrier>
		  <flightNumber>8051</flightNumber>
		  <relationship>L</relationship>
	  </codeshare>
	  <codeshare>
		  <carrier>
			  <fs>IB</fs>
			  <iata>IB</iata>
			  <icao>IBE</icao>
			  <name>Iberia</name>
			  <active>true</active>
		  </carrier>
		  <flightNumber>4218</flightNumber>
		  <relationship>L</relationship>
	  </codeshare>
	  <codeshare>
		  <carrier>
			  <fs>BA</fs>
			  <iata>BA</iata>
			  <icao>BAW</icao>
			  <name>British Airways</name>
			  <phoneNumber>1-800-AIRWAYS</phoneNumber>
			  <active>true</active>
		  </carrier>
		  <flightNumber>1511</flightNumber>
		  <relationship>L</relationship>
	  </codeshare>
	  <codeshare>
		  <carrier>
			  <fs>GF</fs>
			  <iata>GF</iata>
			  <icao>GFA</icao>
			  <name>Gulf Air</name>
			  <active>true</active>
		  </carrier>
		  <flightNumber>6654</flightNumber>
		  <relationship>L</relationship>
	  </codeshare>
  </codeshares>
  <flightDurations>
	  <scheduledBlockMinutes>430</scheduledBlockMinutes>
	  <blockMinutes>424</blockMinutes>
	  <scheduledAirMinutes>380</scheduledAirMinutes>
	  <airMinutes>402</airMinutes>
	  <scheduledTaxiOutMinutes>44</scheduledTaxiOutMinutes>
	  <taxiOutMinutes>18</taxiOutMinutes>
	  <scheduledTaxiInMinutes>6</scheduledTaxiInMinutes>
	  <taxiInMinutes>4</taxiInMinutes>
  </flightDurations>
  <airportResources>
	  <departureTerminal>8</departureTerminal>
	  <departureGate>B3</departureGate>
	  <arrivalTerminal>3</arrivalTerminal>
	  <arrivalGate>36</arrivalGate>
  </airportResources>
  <flightEquipment>
	  <scheduledEquipment>
		  <iata>777</iata>
		  <name>Boeing 777 Passenger</name>
		  <turboProp>false</turboProp>
		  <jet>true</jet>
		  <widebody>true</widebody>
		  <regional>false</regional>
	  </scheduledEquipment>
	  <tailNumber>N753AN</tailNumber>
  </flightEquipment>
  <irregularOperations>
	  <irregularOperation>
		  <type>CANCELLATION</type>
		  <dateUtc>2013-02-26T23:00:00.000Z</dateUtc>
		  <message>Cancelled due to mechanical issue.</message>
	  </irregularOperation>
	  <irregularOperation>
		  <type>REPLACED_BY</type>
		  <relatedFlightId>24586521</relatedFlightId>
		  <dateUtc>2013-02-26T23:00:00.000Z</dateUtc>
		  <message>New flight created to replace a cancelled flight.</message>
	  </irregularOperation>
  </irregularOperations>
  </flightStatus>