<?xml version="1.0" encoding="UTF-8" standalone="yes"?>
<response>
	<delayIndexes>
		<delayIndex>
			<airport>
				<fs>KGT</fs>
				<iata>KGT</iata>
				<icao>ZUKD</icao>
				<name>Kangding Airport</name>
				<city>Kangding</city>
				<countryCode>CN</countryCode>
				<countryName>China</countryName>
				<regionName>Asia</regionName>
				<timeZoneRegionName>Asia/Shanghai</timeZoneRegionName>
				<localTime>2015-04-28T13:41:58.287</localTime>
				<utcOffsetHours>8.0</utcOffsetHours>
				<latitude>30.13176</latitude>
				<longitude>101.747534</longitude>
				<elevationFeet>13916</elevationFeet>
				<classification>4</classification>
				<active>true</active>
				<weatherUrl>https://api.flightstats.com/flex/weather/rest/v1/json/all/KGT?codeType=fs</weatherUrl>
			</airport>
			<rawScore>0.0</rawScore>
			<normalizedScore>0.0</normalizedScore>
			<dateStart>2015-04-28T04:30:00.000Z</dateStart>
			<dateEnd>2015-04-28T07:30:00.000Z</dateEnd>
			<flights>0</flights>
			<observations>0</observations>
			<canceled>0</canceled>
			<onTime>0</onTime>
			<delayed15>0</delayed15>
			<delayed30>0</delayed30>
			<delayed45>0</delayed45>
			<delta>0.0</delta>
		</delayIndex>
		<delayIndex>
			<airport>
				<fs>RHP</fs>
				<iata>RHP</iata>
				<icao>VNRC</icao>
				<name>Ramechhap Airport</name>
				<city>Ramechhap</city>
				<cityCode>RHP</cityCode>
				<countryCode>NP</countryCode>
				<countryName>Nepal</countryName>
				<regionName>Asia</regionName>
				<timeZoneRegionName>Asia/Kathmandu</timeZoneRegionName>
				<localTime>2015-04-28T11:26:58.287</localTime>
				<utcOffsetHours>5.75</utcOffsetHours>
				<latitude>27.333333</latitude>
				<longitude>86.083333</longitude>
				<elevationFeet>1555</elevationFeet>
				<classification>4</classification>
				<active>true</active>
				<weatherUrl>https://api.flightstats.com/flex/weather/rest/v1/json/all/RHP?codeType=fs</weatherUrl>
			</airport>
			<rawScore>0.0</rawScore>
			<normalizedScore>0.0</normalizedScore>
			<dateStart>2015-04-28T04:30:00.000Z</dateStart>
			<dateEnd>2015-04-28T07:30:00.000Z</dateEnd>
			<flights>0</flights>
			<observations>0</observations>
			<canceled>0</canceled>
			<onTime>0</onTime>
			<delayed15>0</delayed15>
			<delayed30>0</delayed30>
			<delayed45>0</delayed45>
			<delta>0.0</delta>
		</delayIndex>
			</delayIndexes>
	<request>
		<url>https://api.flightstats.com/flex/delayindex/rest/v1/xml/region/ASIA</url>
		<classification/>
		<score/>
		<region>
			<requested>ASIA</requested>
			<interpreted>ASIA</interpreted>
		</region>
	</request>
</response>