<?xml version="1.0" encoding="UTF-8" standalone="yes"?>
<response>
	<appendix>
		<airlines>
			<airline>
				<fs>RS</fs>
				<iata>RS</iata>
				<icao>SKV</icao>
				<name>Sky Regional</name>
				<active>true</active>
			</airline>
			<airline>
				<fs>S5</fs>
				<iata>S5</iata>
				<icao>TCF</icao>
				<name>Shuttle America</name>
				<active>true</active>
			</airline>
			<airline>
				<fs>VX</fs>
				<iata>VX</iata>
				<icao>VRD</icao>
				<name>Virgin America</name>
				<active>true</active>
			</airline>
			<airline>
				<fs>DL</fs>
				<iata>DL</iata>
				<icao>DAL</icao>
				<name>Delta Air Lines</name>
				<phoneNumber>1-800-221-1212</phoneNumber>
				<active>true</active>
			</airline>
			<airline>
				<fs>UA</fs>
				<iata>UA</iata>
				<icao>UAL</icao>
				<name>United Airlines</name>
				<phoneNumber>1-800-864-8331</phoneNumber>
				<active>true</active>
			</airline>
			<airline>
				<fs>LX</fs>
				<iata>LX</iata>
				<icao>SWR</icao>
				<name>SWISS</name>
				<active>true</active>
			</airline>
			<airline>
				<fs>NZ</fs>
				<iata>NZ</iata>
				<icao>ANZ</icao>
				<name>Air New Zealand</name>
				<phoneNumber>1-800-262-1234</phoneNumber>
				<active>true</active>
			</airline>
			<airline>
				<fs>LY</fs>
				<iata>LY</iata>
				<icao>ELY</icao>
				<name>El Al</name>
				<active>true</active>
			</airline>
			<airline>
				<fs>SA</fs>
				<iata>SA</iata>
				<icao>SAA</icao>
				<name>South African Airways</name>
				<active>true</active>
			</airline>
			<airline>
				<fs>G7</fs>
				<iata>G7</iata>
				<icao>GJS</icao>
				<name>GoJet Airlines</name>
				<active>true</active>
			</airline>
			<airline>
				<fs>FX</fs>
				<iata>FX</iata>
				<icao>FDX</icao>
				<name>FedEx</name>
				<active>true</active>
			</airline>
			<airline>
				<fs>QF</fs>
				<iata>QF</iata>
				<icao>QFA</icao>
				<name>Qantas</name>
				<active>true</active>
			</airline>
			<airline>
				<fs>IB</fs>
				<iata>IB</iata>
				<icao>IBE</icao>
				<name>Iberia</name>
				<active>true</active>
			</airline>
			<airline>
				<fs>WS</fs>
				<iata>WS</iata>
				<icao>WJA</icao>
				<name>WestJet</name>
				<active>true</active>
			</airline>
			<airline>
				<fs>US</fs>
				<iata>US</iata>
				<icao>AWE</icao>
				<name>US Airways</name>
				<phoneNumber>1-800-943-5436</phoneNumber>
				<active>true</active>
			</airline>
			<airline>
				<fs>SQ</fs>
				<iata>SQ</iata>
				<icao>SIA</icao>
				<name>Singapore Airlines</name>
				<active>true</active>
			</airline>
			<airline>
				<fs>YX</fs>
				<iata>YX</iata>
				<icao>RPA</icao>
				<name>Republic Airlines</name>
				<active>true</active>
			</airline>
			<airline>
				<fs>OO</fs>
				<iata>OO</iata>
				<icao>SKW</icao>
				<name>SkyWest Airlines</name>
				<active>true</active>
			</airline>
			<airline>
				<fs>AA</fs>
				<iata>AA</iata>
				<icao>AAL</icao>
				<name>American Airlines</name>
				<phoneNumber>1-800-433-7300</phoneNumber>
				<active>true</active>
			</airline>
			<airline>
				<fs>AB</fs>
				<iata>AB</iata>
				<icao>BER</icao>
				<name>Air Berlin</name>
				<active>true</active>
			</airline>
			<airline>
				<fs>QR</fs>
				<iata>QR</iata>
				<icao>QTR</icao>
				<name>Qatar Airways</name>
				<active>true</active>
			</airline>
			<airline>
				<fs>AC</fs>
				<iata>AC</iata>
				<icao>ACA</icao>
				<name>Air Canada</name>
				<phoneNumber>1-800-247-2262</phoneNumber>
				<active>true</active>
			</airline>
			<airline>
				<fs>MP</fs>
				<iata>MP</iata>
				<icao>MPH</icao>
				<name>Martinair</name>
				<active>true</active>
			</airline>
			<airline>
				<fs>MQ</fs>
				<iata>MQ</iata>
				<icao>ENY</icao>
				<name>Envoy Air</name>
				<active>true</active>
			</airline>
			<airline>
				<fs>MU</fs>
				<iata>MU</iata>
				<icao>CES</icao>
				<name>China Eastern Airlines</name>
				<active>true</active>
			</airline>
			<airline>
				<fs>CM</fs>
				<iata>CM</iata>
				<icao>CMP</icao>
				<name>Copa Airlines</name>
				<active>true</active>
			</airline>
			<airline>
				<fs>9E</fs>
				<iata>9E</iata>
				<icao>FLG</icao>
				<name>Endeavor Air</name>
				<active>true</active>
			</airline>
			<airline>
				<fs>EV</fs>
				<iata>EV</iata>
				<icao>ASQ</icao>
				<name>ExpressJet</name>
				<active>true</active>
			</airline>
			<airline>
				<fs>AS</fs>
				<iata>AS</iata>
				<icao>ASA</icao>
				<name>Alaska Airlines</name>
				<phoneNumber>1-800-252-7522</phoneNumber>
				<active>true</active>
			</airline>
			<airline>
				<fs>3E</fs>
				<iata>3E</iata>
				<icao>WBR</icao>
				<name>Air Choice One</name>
				<active>true</active>
			</airline>
			<airline>
				<fs>F9</fs>
				<iata>F9</iata>
				<icao>FFT</icao>
				<name>Frontier Airlines</name>
				<active>true</active>
			</airline>
			<airline>
				<fs>AY</fs>
				<iata>AY</iata>
				<icao>FIN</icao>
				<name>Finnair</name>
				<active>true</active>
			</airline>
			<airline>
				<fs>NH</fs>
				<iata>NH</iata>
				<icao>ANA</icao>
				<name>ANA</name>
				<phoneNumber>1-800-235-9262</phoneNumber>
				<active>true</active>
			</airline>
			<airline>
				<fs>NK</fs>
				<iata>NK</iata>
				<icao>NKS</icao>
				<name>Spirit Airlines</name>
				<active>true</active>
			</airline>
			<airline>
				<fs>BA</fs>
				<iata>BA</iata>
				<icao>BAW</icao>
				<name>British Airways</name>
				<phoneNumber>1-800-AIRWAYS</phoneNumber>
				<active>true</active>
			</airline>
		</airlines>
		<airports>
			<airport>
				<fs>YOW</fs>
				<iata>YOW</iata>
				<icao>CYOW</icao>
				<name>Ottawa/Macdonald-Cartier International Airport</name>
				<street1>50 Airport Road</street1>
				<city>Ottawa</city>
				<cityCode>YOW</cityCode>
				<stateCode>ON</stateCode>
				<countryCode>CA</countryCode>
				<countryName>Canada</countryName>
				<regionName>North America</regionName>
				<timeZoneRegionName>America/Toronto</timeZoneRegionName>
				<localTime>2015-04-29T07:49:00.639</localTime>
				<utcOffsetHours>-4.0</utcOffsetHours>
				<latitude>45.320833</latitude>
				<longitude>-75.672778</longitude>
				<elevationFeet>374</elevationFeet>
				<classification>2</classification>
				<active>true</active>
				<delayIndexUrl>https://api.flightstats.com/flex/delayindex/rest/v1/json/airports/YOW?codeType=fs</delayIndexUrl>
				<weatherUrl>https://api.flightstats.com/flex/weather/rest/v1/json/all/YOW?codeType=fs</weatherUrl>
			</airport>
			<airport>
				<fs>TVC</fs>
				<iata>TVC</iata>
				<icao>KTVC</icao>
				<faa>TVC</faa>
				<name>Cherry Capital Airport</name>
				<street1>727 Fly Don't Dr</street1>
				<city>Traverse City</city>
				<cityCode>TVC</cityCode>
				<stateCode>MI</stateCode>
				<postalCode>49686</postalCode>
				<countryCode>US</countryCode>
				<countryName>United States</countryName>
				<regionName>North America</regionName>
				<timeZoneRegionName>America/New_York</timeZoneRegionName>
				<weatherZone>MIZ026</weatherZone>
				<localTime>2015-04-29T07:49:00.647</localTime>
				<utcOffsetHours>-4.0</utcOffsetHours>
				<latitude>44.737631</latitude>
				<longitude>-85.579631</longitude>
				<elevationFeet>624</elevationFeet>
				<classification>4</classification>
				<active>true</active>
				<delayIndexUrl>https://api.flightstats.com/flex/delayindex/rest/v1/json/airports/TVC?codeType=fs</delayIndexUrl>
				<weatherUrl>https://api.flightstats.com/flex/weather/rest/v1/json/all/TVC?codeType=fs</weatherUrl>
			</airport>
			<airport>
				<fs>LAX</fs>
				<iata>LAX</iata>
				<icao>KLAX</icao>
				<faa>LAX</faa>
				<name>Los Angeles International Airport</name>
				<street1>One World Way</street1>
				<street2/>
				<city>Los Angeles</city>
				<cityCode>LAX</cityCode>
				<stateCode>CA</stateCode>
				<postalCode>90045-5803</postalCode>
				<countryCode>US</countryCode>
				<countryName>United States</countryName>
				<regionName>North America</regionName>
				<timeZoneRegionName>America/Los_Angeles</timeZoneRegionName>
				<weatherZone>CAZ041</weatherZone>
				<localTime>2015-04-29T04:49:00.640</localTime>
				<utcOffsetHours>-7.0</utcOffsetHours>
				<latitude>33.943399</latitude>
				<longitude>-118.408279</longitude>
				<elevationFeet>126</elevationFeet>
				<classification>1</classification>
				<active>true</active>
				<delayIndexUrl>https://api.flightstats.com/flex/delayindex/rest/v1/json/airports/LAX?codeType=fs</delayIndexUrl>
				<weatherUrl>https://api.flightstats.com/flex/weather/rest/v1/json/all/LAX?codeType=fs</weatherUrl>
			</airport>
			<airport>
				<fs>CLT</fs>
				<iata>CLT</iata>
				<icao>KCLT</icao>
				<faa>CLT</faa>
				<name>Charlotte Douglas International Airport</name>
				<street1>5501 Josh Birmingham Parkway</street1>
				<city>Charlotte</city>
				<cityCode>CLT</cityCode>
				<stateCode>NC</stateCode>
				<postalCode>28204</postalCode>
				<countryCode>US</countryCode>
				<countryName>United States</countryName>
				<regionName>North America</regionName>
				<timeZoneRegionName>America/New_York</timeZoneRegionName>
				<weatherZone>NCZ071</weatherZone>
				<localTime>2015-04-29T07:49:00.638</localTime>
				<utcOffsetHours>-4.0</utcOffsetHours>
				<latitude>35.219167</latitude>
				<longitude>-80.935833</longitude>
				<elevationFeet>748</elevationFeet>
				<classification>1</classification>
				<active>true</active>
				<delayIndexUrl>https://api.flightstats.com/flex/delayindex/rest/v1/json/airports/CLT?codeType=fs</delayIndexUrl>
				<weatherUrl>https://api.flightstats.com/flex/weather/rest/v1/json/all/CLT?codeType=fs</weatherUrl>
			</airport>
		</airports>
		<equipments>
			<equipment>
				<iata>E75</iata>
				<name>Embraer 175</name>
				<turboProp>false</turboProp>
				<jet>true</jet>
				<widebody>false</widebody>
				<regional>true</regional>
			</equipment>
			<equipment>
				<iata>M1F</iata>
				<name>Boeing (Douglas) MD-11 Freighter</name>
				<turboProp>false</turboProp>
				<jet>true</jet>
				<widebody>true</widebody>
				<regional>false</regional>
			</equipment>
			<equipment>
				<iata>M80</iata>
				<name>Boeing (Douglas) MD-80</name>
				<turboProp>false</turboProp>
				<jet>true</jet>
				<widebody>false</widebody>
				<regional>false</regional>
			</equipment>
			<equipment>
				<iata>ER4</iata>
				<name>Embraer RJ145</name>
				<turboProp>false</turboProp>
				<jet>true</jet>
				<widebody>false</widebody>
				<regional>true</regional>
			</equipment>
		</equipments>
	</appendix>
	<flightStatuses>
		<flightStatus>
			<flightId>534420313</flightId>
			<carrierFsCode>MQ</carrierFsCode>
			<flightNumber>3361</flightNumber>
			<departureAirportFsCode>ORD</departureAirportFsCode>
			<arrivalAirportFsCode>TVC</arrivalAirportFsCode>
			<departureDate>
				<dateLocal>2015-04-29T08:40:00.000</dateLocal>
				<dateUtc>2015-04-29T13:40:00.000Z</dateUtc>
			</departureDate>
			<arrivalDate>
				<dateLocal>2015-04-29T10:48:00.000</dateLocal>
				<dateUtc>2015-04-29T14:48:00.000Z</dateUtc>
			</arrivalDate>
			<status>S</status>
			<schedule>
				<flightType>J</flightType>
				<serviceClasses>Y</serviceClasses>
				<restrictions/>
				<downlines>
					<downline>
						<fsCode>ORD</fsCode>
						<flightId>534440528</flightId>
					</downline>
				</downlines>
			</schedule>
			<operationalTimes>
				<publishedDeparture>
					<dateLocal>2015-04-29T08:40:00.000</dateLocal>
					<dateUtc>2015-04-29T13:40:00.000Z</dateUtc>
				</publishedDeparture>
				<publishedArrival>
					<dateLocal>2015-04-29T10:48:00.000</dateLocal>
					<dateUtc>2015-04-29T14:48:00.000Z</dateUtc>
				</publishedArrival>
				<scheduledGateDeparture>
					<dateLocal>2015-04-29T08:40:00.000</dateLocal>
					<dateUtc>2015-04-29T13:40:00.000Z</dateUtc>
				</scheduledGateDeparture>
				<estimatedGateDeparture>
					<dateLocal>2015-04-29T08:40:00.000</dateLocal>
					<dateUtc>2015-04-29T13:40:00.000Z</dateUtc>
				</estimatedGateDeparture>
				<flightPlanPlannedDeparture>
					<dateLocal>2015-04-29T08:50:00.000</dateLocal>
					<dateUtc>2015-04-29T13:50:00.000Z</dateUtc>
				</flightPlanPlannedDeparture>
				<scheduledGateArrival>
					<dateLocal>2015-04-29T10:48:00.000</dateLocal>
					<dateUtc>2015-04-29T14:48:00.000Z</dateUtc>
				</scheduledGateArrival>
				<estimatedGateArrival>
					<dateLocal>2015-04-29T10:48:00.000</dateLocal>
					<dateUtc>2015-04-29T14:48:00.000Z</dateUtc>
				</estimatedGateArrival>
				<flightPlanPlannedArrival>
					<dateLocal>2015-04-29T10:28:00.000</dateLocal>
					<dateUtc>2015-04-29T14:28:00.000Z</dateUtc>
				</flightPlanPlannedArrival>
			</operationalTimes>
			<codeshares>
				<codeshare>
					<fsCode>AA</fsCode>
					<flightNumber>3361</flightNumber>
					<relationship>X</relationship>
				</codeshare>
				<codeshare>
					<fsCode>BA</fsCode>
					<flightNumber>4943</flightNumber>
					<relationship>Z</relationship>
				</codeshare>
				<codeshare>
					<fsCode>US</fsCode>
					<flightNumber>3361</flightNumber>
					<relationship>Z</relationship>
				</codeshare>
			</codeshares>
			<flightDurations>
				<scheduledBlockMinutes>68</scheduledBlockMinutes>
				<scheduledAirMinutes>38</scheduledAirMinutes>
				<scheduledTaxiOutMinutes>10</scheduledTaxiOutMinutes>
				<scheduledTaxiInMinutes>20</scheduledTaxiInMinutes>
			</flightDurations>
			<airportResources>
				<departureTerminal>3</departureTerminal>
				<departureGate>G20</departureGate>
				<arrivalGate>3</arrivalGate>
			</airportResources>
			<flightEquipment>
				<scheduledEquipmentIataCode>ER4</scheduledEquipmentIataCode>
				<actualEquipmentIataCode>E145</actualEquipmentIataCode>
				<tailNumber>N655AE</tailNumber>
			</flightEquipment>
		</flightStatus>
		<flightStatus>
			<flightId>534420365</flightId>
			<carrierFsCode>RS</carrierFsCode>
			<flightNumber>7396</flightNumber>
			<departureAirportFsCode>ORD</departureAirportFsCode>
			<arrivalAirportFsCode>YYZ</arrivalAirportFsCode>
			<departureDate>
				<dateLocal>2015-04-29T08:45:00.000</dateLocal>
				<dateUtc>2015-04-29T13:45:00.000Z</dateUtc>
			</departureDate>
			<arrivalDate>
				<dateLocal>2015-04-29T11:17:00.000</dateLocal>
				<dateUtc>2015-04-29T15:17:00.000Z</dateUtc>
			</arrivalDate>
			<status>S</status>
			<schedule>
				<flightType>J</flightType>
				<serviceClasses>RFJY</serviceClasses>
				<restrictions/>
			</schedule>
			<operationalTimes>
				<publishedDeparture>
					<dateLocal>2015-04-29T08:45:00.000</dateLocal>
					<dateUtc>2015-04-29T13:45:00.000Z</dateUtc>
				</publishedDeparture>
				<publishedArrival>
					<dateLocal>2015-04-29T11:17:00.000</dateLocal>
					<dateUtc>2015-04-29T15:17:00.000Z</dateUtc>
				</publishedArrival>
				<scheduledGateDeparture>
					<dateLocal>2015-04-29T08:45:00.000</dateLocal>
					<dateUtc>2015-04-29T13:45:00.000Z</dateUtc>
				</scheduledGateDeparture>
				<flightPlanPlannedDeparture>
					<dateLocal>2015-04-29T08:56:00.000</dateLocal>
					<dateUtc>2015-04-29T13:56:00.000Z</dateUtc>
				</flightPlanPlannedDeparture>
				<estimatedRunwayDeparture>
					<dateLocal>2015-04-29T08:56:00.000</dateLocal>
					<dateUtc>2015-04-29T13:56:00.000Z</dateUtc>
				</estimatedRunwayDeparture>
				<scheduledGateArrival>
					<dateLocal>2015-04-29T11:17:00.000</dateLocal>
					<dateUtc>2015-04-29T15:17:00.000Z</dateUtc>
				</scheduledGateArrival>
				<flightPlanPlannedArrival>
					<dateLocal>2015-04-29T11:05:00.000</dateLocal>
					<dateUtc>2015-04-29T15:05:00.000Z</dateUtc>
				</flightPlanPlannedArrival>
				<estimatedRunwayArrival>
					<dateLocal>2015-04-29T11:05:00.000</dateLocal>
					<dateUtc>2015-04-29T15:05:00.000Z</dateUtc>
				</estimatedRunwayArrival>
			</operationalTimes>
			<codeshares>
				<codeshare>
					<fsCode>AC</fsCode>
					<flightNumber>7396</flightNumber>
					<relationship>X</relationship>
				</codeshare>
				<codeshare>
					<fsCode>UA</fsCode>
					<flightNumber>8342</flightNumber>
					<relationship>Z</relationship>
				</codeshare>
			</codeshares>
			<flightDurations>
				<scheduledBlockMinutes>92</scheduledBlockMinutes>
				<scheduledAirMinutes>69</scheduledAirMinutes>
				<scheduledTaxiOutMinutes>11</scheduledTaxiOutMinutes>
				<scheduledTaxiInMinutes>12</scheduledTaxiInMinutes>
			</flightDurations>
			<airportResources>
				<departureTerminal>2</departureTerminal>
				<departureGate>E1</departureGate>
				<arrivalTerminal>1</arrivalTerminal>
			</airportResources>
			<flightEquipment>
				<scheduledEquipmentIataCode>E75</scheduledEquipmentIataCode>
			</flightEquipment>
		</flightStatus>
		<flightStatus>
			<flightId>534420374</flightId>
			<carrierFsCode>MQ</carrierFsCode>
			<flightNumber>3081</flightNumber>
			<departureAirportFsCode>ORD</departureAirportFsCode>
			<arrivalAirportFsCode>YYZ</arrivalAirportFsCode>
			<departureDate>
				<dateLocal>2015-04-29T08:45:00.000</dateLocal>
				<dateUtc>2015-04-29T13:45:00.000Z</dateUtc>
			</departureDate>
			<arrivalDate>
				<dateLocal>2015-04-29T11:24:00.000</dateLocal>
				<dateUtc>2015-04-29T15:24:00.000Z</dateUtc>
			</arrivalDate>
			<status>S</status>
			<schedule>
				<flightType>J</flightType>
				<serviceClasses>RJY</serviceClasses>
				<restrictions/>
				<downlines>
					<downline>
						<fsCode>ORD</fsCode>
						<flightId>534448087</flightId>
					</downline>
				</downlines>
			</schedule>
			<operationalTimes>
				<publishedDeparture>
					<dateLocal>2015-04-29T08:45:00.000</dateLocal>
					<dateUtc>2015-04-29T13:45:00.000Z</dateUtc>
				</publishedDeparture>
				<publishedArrival>
					<dateLocal>2015-04-29T11:24:00.000</dateLocal>
					<dateUtc>2015-04-29T15:24:00.000Z</dateUtc>
				</publishedArrival>
				<scheduledGateDeparture>
					<dateLocal>2015-04-29T08:45:00.000</dateLocal>
					<dateUtc>2015-04-29T13:45:00.000Z</dateUtc>
				</scheduledGateDeparture>
				<estimatedGateDeparture>
					<dateLocal>2015-04-29T08:45:00.000</dateLocal>
					<dateUtc>2015-04-29T13:45:00.000Z</dateUtc>
				</estimatedGateDeparture>
				<flightPlanPlannedDeparture>
					<dateLocal>2015-04-29T08:49:00.000</dateLocal>
					<dateUtc>2015-04-29T13:49:00.000Z</dateUtc>
				</flightPlanPlannedDeparture>
				<scheduledGateArrival>
					<dateLocal>2015-04-29T11:24:00.000</dateLocal>
					<dateUtc>2015-04-29T15:24:00.000Z</dateUtc>
				</scheduledGateArrival>
				<estimatedGateArrival>
					<dateLocal>2015-04-29T11:24:00.000</dateLocal>
					<dateUtc>2015-04-29T15:24:00.000Z</dateUtc>
				</estimatedGateArrival>
				<flightPlanPlannedArrival>
					<dateLocal>2015-04-29T10:56:00.000</dateLocal>
					<dateUtc>2015-04-29T14:56:00.000Z</dateUtc>
				</flightPlanPlannedArrival>
			</operationalTimes>
			<codeshares>
				<codeshare>
					<fsCode>AA</fsCode>
					<flightNumber>3081</flightNumber>
					<relationship>X</relationship>
				</codeshare>
				<codeshare>
					<fsCode>AS</fsCode>
					<flightNumber>4320</flightNumber>
					<relationship>Z</relationship>
				</codeshare>
				<codeshare>
					<fsCode>QF</fsCode>
					<flightNumber>3305</flightNumber>
					<relationship>Z</relationship>
				</codeshare>
				<codeshare>
					<fsCode>US</fsCode>
					<flightNumber>3081</flightNumber>
					<relationship>Z</relationship>
				</codeshare>
				<codeshare>
					<fsCode>WS</fsCode>
					<flightNumber>5599</flightNumber>
					<relationship>Z</relationship>
				</codeshare>
			</codeshares>
			<flightDurations>
				<scheduledBlockMinutes>99</scheduledBlockMinutes>
				<scheduledAirMinutes>67</scheduledAirMinutes>
				<scheduledTaxiOutMinutes>4</scheduledTaxiOutMinutes>
				<scheduledTaxiInMinutes>28</scheduledTaxiInMinutes>
			</flightDurations>
			<airportResources>
				<departureTerminal>3</departureTerminal>
				<departureGate>G6A</departureGate>
				<arrivalTerminal>3</arrivalTerminal>
				<arrivalGate>B10A</arrivalGate>
			</airportResources>
			<flightEquipment>
				<scheduledEquipmentIataCode>CR7</scheduledEquipmentIataCode>
				<tailNumber>N516AE</tailNumber>
			</flightEquipment>
		</flightStatus>
		<flightStatus>
			<flightId>534420369</flightId>
			<carrierFsCode>G7</carrierFsCode>
			<flightNumber>3656</flightNumber>
			<departureAirportFsCode>ORD</departureAirportFsCode>
			<arrivalAirportFsCode>YYZ</arrivalAirportFsCode>
			<departureDate>
				<dateLocal>2015-04-29T09:00:00.000</dateLocal>
				<dateUtc>2015-04-29T14:00:00.000Z</dateUtc>
			</departureDate>
			<arrivalDate>
				<dateLocal>2015-04-29T11:34:00.000</dateLocal>
				<dateUtc>2015-04-29T15:34:00.000Z</dateUtc>
			</arrivalDate>
			<status>S</status>
			<schedule>
				<flightType>J</flightType>
				<serviceClasses>FJY</serviceClasses>
				<restrictions/>
			</schedule>
			<operationalTimes>
				<publishedDeparture>
					<dateLocal>2015-04-29T09:00:00.000</dateLocal>
					<dateUtc>2015-04-29T14:00:00.000Z</dateUtc>
				</publishedDeparture>
				<publishedArrival>
					<dateLocal>2015-04-29T11:34:00.000</dateLocal>
					<dateUtc>2015-04-29T15:34:00.000Z</dateUtc>
				</publishedArrival>
				<scheduledGateDeparture>
					<dateLocal>2015-04-29T09:00:00.000</dateLocal>
					<dateUtc>2015-04-29T14:00:00.000Z</dateUtc>
				</scheduledGateDeparture>
				<estimatedGateDeparture>
					<dateLocal>2015-04-29T09:00:00.000</dateLocal>
					<dateUtc>2015-04-29T14:00:00.000Z</dateUtc>
				</estimatedGateDeparture>
				<flightPlanPlannedDeparture>
					<dateLocal>2015-04-29T09:16:00.000</dateLocal>
					<dateUtc>2015-04-29T14:16:00.000Z</dateUtc>
				</flightPlanPlannedDeparture>
				<estimatedRunwayDeparture>
					<dateLocal>2015-04-29T09:16:00.000</dateLocal>
					<dateUtc>2015-04-29T14:16:00.000Z</dateUtc>
				</estimatedRunwayDeparture>
				<scheduledGateArrival>
					<dateLocal>2015-04-29T11:34:00.000</dateLocal>
					<dateUtc>2015-04-29T15:34:00.000Z</dateUtc>
				</scheduledGateArrival>
				<estimatedGateArrival>
					<dateLocal>2015-04-29T11:34:00.000</dateLocal>
					<dateUtc>2015-04-29T15:34:00.000Z</dateUtc>
				</estimatedGateArrival>
				<flightPlanPlannedArrival>
					<dateLocal>2015-04-29T11:23:00.000</dateLocal>
					<dateUtc>2015-04-29T15:23:00.000Z</dateUtc>
				</flightPlanPlannedArrival>
				<estimatedRunwayArrival>
					<dateLocal>2015-04-29T11:23:00.000</dateLocal>
					<dateUtc>2015-04-29T15:23:00.000Z</dateUtc>
				</estimatedRunwayArrival>
			</operationalTimes>
			<codeshares>
				<codeshare>
					<fsCode>UA</fsCode>
					<flightNumber>3656</flightNumber>
					<relationship>X</relationship>
				</codeshare>
				<codeshare>
					<fsCode>AC</fsCode>
					<flightNumber>4986</flightNumber>
					<relationship>Z</relationship>
				</codeshare>
			</codeshares>
			<flightDurations>
				<scheduledBlockMinutes>94</scheduledBlockMinutes>
				<scheduledAirMinutes>67</scheduledAirMinutes>
				<scheduledTaxiOutMinutes>16</scheduledTaxiOutMinutes>
				<scheduledTaxiInMinutes>11</scheduledTaxiInMinutes>
			</flightDurations>
			<airportResources>
				<departureTerminal>1</departureTerminal>
				<departureGate>C8</departureGate>
				<arrivalTerminal>1</arrivalTerminal>
				<arrivalGate>F60</arrivalGate>
			</airportResources>
			<flightEquipment>
				<scheduledEquipmentIataCode>CR7</scheduledEquipmentIataCode>
				<tailNumber>N172GJ</tailNumber>
			</flightEquipment>
		</flightStatus>
	</flightStatuses>
	<request>
		<url>https://api.flightstats.com/flex/flightstatus/rest/v2/xml/airport/status/ORD/dep/2015/4/29/8</url>
		<airport>
			<requestedCode>ORD</requestedCode>
			<fsCode>ORD</fsCode>
		</airport>
		<date>
			<year>2015</year>
			<month>4</month>
			<day>29</day>
			<interpreted>2015-04-29</interpreted>
		</date>
		<hourOfDay>
			<requested>8</requested>
			<interpreted>8</interpreted>
		</hourOfDay>
		<numHours>
			<interpreted>1</interpreted>
		</numHours>
		<utc>
			<interpreted>false</interpreted>
		</utc>
		<codeType/>
		<maxFlights/>
		<extendedOptions/>
	</request>
</response>
