<?xml version="1.0" encoding="UTF-8" standalone="yes"?>
<response>
	<alert>
		<event>
			<type>EN_ROUTE</type>
		</event>
		<dataSource>Simulated Event Source</dataSource>
		<dateTimeRecorded>2015-05-04T08:50:05.696Z</dateTimeRecorded>
		<rule>
			<id>1</id>
			<name>name</name>
			<description>description</description>
			<carrierFsCode>AA</carrierFsCode>
			<flightNumber>1113</flightNumber>
			<departureAirportFsCode>LAX</departureAirportFsCode>
			<arrivalAirportFsCode>ORD</arrivalAirportFsCode>
			<departure>2015-05-04T04:50:05.696</departure>
			<arrival>2015-05-04T12:50:05.696</arrival>
			<ruleEvents>
				<ruleEvent>
					<type>ALL_CHANGES</type>
				</ruleEvent>
			</ruleEvents>
			<nameValues/>
			<delivery>
				<format>xml</format>
				<destination>smtp://your@email.com</destination>
			</delivery>
		</rule>
		<flightStatus>
			<flightId>1</flightId>
			<carrierFsCode>AA</carrierFsCode>
			<flightNumber>1113</flightNumber>
			<departureAirportFsCode>LAX</departureAirportFsCode>
			<arrivalAirportFsCode>ORD</arrivalAirportFsCode>
			<departureDate>
				<dateLocal>2015-05-04T04:50:05.000</dateLocal>
				<dateUtc>2015-05-04T04:50:05.000Z</dateUtc>
			</departureDate>
			<arrivalDate>
				<dateLocal>2015-05-04T12:50:05.000</dateLocal>
				<dateUtc>2015-05-04T12:50:05.000Z</dateUtc>
			</arrivalDate>
			<status>A</status>
			<operationalTimes>
				<publishedDeparture>
					<dateLocal>2015-05-04T04:50:05.000</dateLocal>
					<dateUtc>2015-05-04T04:50:05.000Z</dateUtc>
				</publishedDeparture>
				<publishedArrival>
					<dateLocal>2015-05-04T12:50:05.000</dateLocal>
					<dateUtc>2015-05-04T12:50:05.000Z</dateUtc>
				</publishedArrival>
				<estimatedGateDeparture>
					<dateLocal>2015-05-04T04:50:05.000</dateLocal>
					<dateUtc>2015-05-04T04:50:05.000Z</dateUtc>
				</estimatedGateDeparture>
				<actualGateDeparture>
					<dateLocal>2015-05-04T04:50:05.000</dateLocal>
					<dateUtc>2015-05-04T04:50:05.000Z</dateUtc>
				</actualGateDeparture>
				<estimatedGateArrival>
					<dateLocal>2015-05-04T12:50:05.000</dateLocal>
					<dateUtc>2015-05-04T12:50:05.000Z</dateUtc>
				</estimatedGateArrival>
				<actualGateArrival>
					<dateLocal>2015-05-04T12:50:05.000</dateLocal>
					<dateUtc>2015-05-04T12:50:05.000Z</dateUtc>
				</actualGateArrival>
			</operationalTimes>
			<flightDurations>
				<blockMinutes>480</blockMinutes>
			</flightDurations>
			<flightStatusUpdates>
				<flightStatusUpdate>
					<updatedAt>
						<dateUtc>2015-05-04T08:50:05.699Z</dateUtc>
					</updatedAt>
					<source>Simulated Event Source</source>
					<updatedTextFields>
						<updatedTextField>
							<field>STS</field>
							<originalText>S</originalText>
							<newText>A</newText>
						</updatedTextField>
					</updatedTextFields>
					<updatedDateFields/>
				</flightStatusUpdate>
			</flightStatusUpdates>
		</flightStatus>
	</alert>
	<appendix>
		<airlines>
			<airline>
				<fs>AA</fs>
				<iata>AA</iata>
				<icao>AAL</icao>
				<name>American Airlines</name>
				<phoneNumber>1-800-433-7300</phoneNumber>
				<active>true</active>
			</airline>
		</airlines>
		<airports>
			<airport>
				<fs>ORD</fs>
				<iata>ORD</iata>
				<icao>KORD</icao>
				<faa>ORD</faa>
				<name>O'Hare International Airport</name>
				<street1>10000 West O'Hare</street1>
				<city>Chicago</city>
				<cityCode>CHI</cityCode>
				<stateCode>IL</stateCode>
				<postalCode>60666</postalCode>
				<countryCode>US</countryCode>
				<countryName>United States</countryName>
				<regionName>North America</regionName>
				<timeZoneRegionName>America/Chicago</timeZoneRegionName>
				<weatherZone>ILZ014</weatherZone>
				<localTime>2015-05-04T03:50:05.699</localTime>
				<utcOffsetHours>-5.0</utcOffsetHours>
				<latitude>41.976912</latitude>
				<longitude>-87.904876</longitude>
				<elevationFeet>668</elevationFeet>
				<classification>1</classification>
				<active>true</active>
			</airport>
			<airport>
				<fs>LAX</fs>
				<iata>LAX</iata>
				<icao>KLAX</icao>
				<faa>LAX</faa>
				<name>Los Angeles International Airport</name>
				<street1>One World Way</street1>
				<street2/>
				<city>Los Angeles</city>
				<cityCode>LAX</cityCode>
				<stateCode>CA</stateCode>
				<postalCode>90045-5803</postalCode>
				<countryCode>US</countryCode>
				<countryName>United States</countryName>
				<regionName>North America</regionName>
				<timeZoneRegionName>America/Los_Angeles</timeZoneRegionName>
				<weatherZone>CAZ041</weatherZone>
				<localTime>2015-05-04T01:50:05.699</localTime>
				<utcOffsetHours>-7.0</utcOffsetHours>
				<latitude>33.943399</latitude>
				<longitude>-118.408279</longitude>
				<elevationFeet>126</elevationFeet>
				<classification>1</classification>
				<active>true</active>
			</airport>
		</airports>
	</appendix>
</response>