<?xml version="1.0" encoding="UTF-8" standalone="yes"?>
<emissionsInfoes>
	<emissionsInfo>
		<efid>AHNXV01.5FB3</efid>
		<id>29636</id>
		<salesArea>3</salesArea>
		<score>5.0</score>
		<scoreAlt>-1.0</scoreAlt>
		<smartwayScore>1</smartwayScore>
		<standard>B5</standard>
		<stdText>BIN 5</stdText>
	</emissionsInfo>
	<emissionsInfo>
		<efid>AHNXV01.5FB3</efid>
		<id>29636</id>
		<salesArea>7</salesArea>
		<score>6.0</score>
		<scoreAlt>-1.0</scoreAlt>
		<smartwayScore>1</smartwayScore>
		<standard>U2</standard>
		<stdText>ULEV II</stdText>
	</emissionsInfo>
</emissionsInfoes>