<menuItems>
<menuItem>
<text>2015</text>
<value>2015</value>
</menuItem>
<menuItem>
<text>2014</text>
<value>2014</value>
</menuItem>
<menuItem>
<text>2013</text>
<value>2013</value>
</menuItem>
<menuItem>
<text>2012</text>
<value>2012</value>
</menuItem>
<menuItem>
<text>2011</text>
<value>2011</value>
</menuItem>
<menuItem>
<text>2010</text>
<value>2010</value>
</menuItem>
<menuItem>
<text>2009</text>
<value>2009</value>
</menuItem>
<menuItem>
<text>2008</text>
<value>2008</value>
</menuItem>
<menuItem>
<text>2007</text>
<value>2007</value>
</menuItem>
<menuItem>
<text>2006</text>
<value>2006</value>
</menuItem>
<menuItem>
<text>2005</text>
<value>2005</value>
</menuItem>
<menuItem>
<text>2004</text>
<value>2004</value>
</menuItem>
<menuItem>
<text>2003</text>
<value>2003</value>
</menuItem>
<menuItem>
<text>2002</text>
<value>2002</value>
</menuItem>
<menuItem>
<text>2001</text>
<value>2001</value>
</menuItem>
<menuItem>
<text>2000</text>
<value>2000</value>
</menuItem>
<menuItem>
<text>1999</text>
<value>1999</value>
</menuItem>
<menuItem>
<text>1998</text>
<value>1998</value>
</menuItem>
<menuItem>
<text>1997</text>
<value>1997</value>
</menuItem>
<menuItem>
<text>1996</text>
<value>1996</value>
</menuItem>
<menuItem>
<text>1995</text>
<value>1995</value>
</menuItem>
<menuItem>
<text>1994</text>
<value>1994</value>
</menuItem>
<menuItem>
<text>1993</text>
<value>1993</value>
</menuItem>
<menuItem>
<text>1992</text>
<value>1992</value>
</menuItem>
<menuItem>
<text>1991</text>
<value>1991</value>
</menuItem>
<menuItem>
<text>1990</text>
<value>1990</value>
</menuItem>
<menuItem>
<text>1989</text>
<value>1989</value>
</menuItem>
<menuItem>
<text>1988</text>
<value>1988</value>
</menuItem>
<menuItem>
<text>1987</text>
<value>1987</value>
</menuItem>
<menuItem>
<text>1986</text>
<value>1986</value>
</menuItem>
<menuItem>
<text>1985</text>
<value>1985</value>
</menuItem>
<menuItem>
<text>1984</text>
<value>1984</value>
</menuItem>
</menuItems>