<menuItems>
<menuItem>
<text>Accord</text>
<value>Accord</value>
</menuItem>
<menuItem>
<text>Accord Coupe</text>
<value>Accord Coupe</value>
</menuItem>
<menuItem>
<text>Accord Crosstour 2WD</text>
<value>Accord Crosstour 2WD</value>
</menuItem>
<menuItem>
<text>Accord Crosstour 4WD</text>
<value>Accord Crosstour 4WD</value>
</menuItem>
<menuItem>
<text>Accord Hybrid</text>
<value>Accord Hybrid</value>
</menuItem>
<menuItem>
<text>Accord Plug-in Hybrid</text>
<value>Accord Plug-in Hybrid</value>
</menuItem>
<menuItem>
<text>Accord Wagon</text>
<value>Accord Wagon</value>
</menuItem>
<menuItem>
<text>Civic</text>
<value>Civic</value>
</menuItem>
<menuItem>
<text>Civic CNG</text>
<value>Civic CNG</value>
</menuItem>
<menuItem>
<text>Civic CRX</text>
<value>Civic CRX</value>
</menuItem>
<menuItem>
<text>Civic CRX HF</text>
<value>Civic CRX HF</value>
</menuItem>
<menuItem>
<text>Civic Del Sol</text>
<value>Civic Del Sol</value>
</menuItem>
<menuItem>
<text>Civic HB VX</text>
<value>Civic HB VX</value>
</menuItem>
<menuItem>
<text>Civic HF</text>
<value>Civic HF</value>
</menuItem>
<menuItem>
<text>Civic HX</text>
<value>Civic HX</value>
</menuItem>
<menuItem>
<text>Civic Hybrid</text>
<value>Civic Hybrid</value>
</menuItem>
<menuItem>
<text>Civic Natural Gas</text>
<value>Civic Natural Gas</value>
</menuItem>
<menuItem>
<text>Civic Wagon</text>
<value>Civic Wagon</value>
</menuItem>
<menuItem>
<text>Civic Wagon 4WD</text>
<value>Civic Wagon 4WD</value>
</menuItem>
<menuItem>
<text>CR-V 2WD</text>
<value>CR-V 2WD</value>
</menuItem>
<menuItem>
<text>CR-V 4WD</text>
<value>CR-V 4WD</value>
</menuItem>
<menuItem>
<text>CR-Z</text>
<value>CR-Z</value>
</menuItem>
<menuItem>
<text>Crosstour 2WD</text>
<value>Crosstour 2WD</value>
</menuItem>
<menuItem>
<text>Crosstour 4WD</text>
<value>Crosstour 4WD</value>
</menuItem>
<menuItem>
<text>Del Sol</text>
<value>Del Sol</value>
</menuItem>
<menuItem>
<text>Element 2WD</text>
<value>Element 2WD</value>
</menuItem>
<menuItem>
<text>Element 4WD</text>
<value>Element 4WD</value>
</menuItem>
<menuItem>
<text>Fit</text>
<value>Fit</value>
</menuItem>
<menuItem>
<text>Insight</text>
<value>Insight</value>
</menuItem>
<menuItem>
<text>Odyssey</text>
<value>Odyssey</value>
</menuItem>
<menuItem>
<text>Passport 2WD</text>
<value>Passport 2WD</value>
</menuItem>
<menuItem>
<text>Passport 4WD</text>
<value>Passport 4WD</value>
</menuItem>
<menuItem>
<text>Pilot 2WD</text>
<value>Pilot 2WD</value>
</menuItem>
<menuItem>
<text>Pilot 4WD</text>
<value>Pilot 4WD</value>
</menuItem>
<menuItem>
<text>Prelude</text>
<value>Prelude</value>
</menuItem>
<menuItem>
<text>Ridgeline Truck 4WD</text>
<value>Ridgeline Truck 4WD</value>
</menuItem>
<menuItem>
<text>S2000</text>
<value>S2000</value>
</menuItem>
</menuItems>