<menuItems>
<menuItem>
<text>Acura</text>
<value>Acura</value>
</menuItem>
<menuItem>
<text>Alfa Romeo</text>
<value>Alfa Romeo</value>
</menuItem>
<menuItem>
<text>American Motors Corporation</text>
<value>American Motors Corporation</value>
</menuItem>
<menuItem>
<text>Aston Martin</text>
<value>Aston Martin</value>
</menuItem>
<menuItem>
<text>Audi</text>
<value>Audi</value>
</menuItem>
<menuItem>
<text>Bertone</text>
<value>Bertone</value>
</menuItem>
<menuItem>
<text>BMW</text>
<value>BMW</value>
</menuItem>
<menuItem>
<text>Buick</text>
<value>Buick</value>
</menuItem>
<menuItem>
<text>Cadillac</text>
<value>Cadillac</value>
</menuItem>
<menuItem>
<text>Chevrolet</text>
<value>Chevrolet</value>
</menuItem>
<menuItem>
<text>Chrysler</text>
<value>Chrysler</value>
</menuItem>
<menuItem>
<text>Daewoo</text>
<value>Daewoo</value>
</menuItem>
<menuItem>
<text>Daihatsu</text>
<value>Daihatsu</value>
</menuItem>
<menuItem>
<text>Dodge</text>
<value>Dodge</value>
</menuItem>
<menuItem>
<text>Eagle</text>
<value>Eagle</value>
</menuItem>
<menuItem>
<text>Ferrari</text>
<value>Ferrari</value>
</menuItem>
<menuItem>
<text>Fiat</text>
<value>Fiat</value>
</menuItem>
<menuItem>
<text>Fisker</text>
<value>Fisker</value>
</menuItem>
<menuItem>
<text>Ford</text>
<value>Ford</value>
</menuItem>
<menuItem>
<text>Geo</text>
<value>Geo</value>
</menuItem>
<menuItem>
<text>GMC</text>
<value>GMC</value>
</menuItem>
<menuItem>
<text>Honda</text>
<value>Honda</value>
</menuItem>
<menuItem>
<text>Hummer</text>
<value>Hummer</value>
</menuItem>
<menuItem>
<text>Hyundai</text>
<value>Hyundai</value>
</menuItem>
<menuItem>
<text>Import Trade Services</text>
<value>Import Trade Services</value>
</menuItem>
<menuItem>
<text>Infiniti</text>
<value>Infiniti</value>
</menuItem>
<menuItem>
<text>Isuzu</text>
<value>Isuzu</value>
</menuItem>
<menuItem>
<text>Jaguar</text>
<value>Jaguar</value>
</menuItem>
<menuItem>
<text>Jeep</text>
<value>Jeep</value>
</menuItem>
<menuItem>
<text>Kia</text>
<value>Kia</value>
</menuItem>
<menuItem>
<text>Lamborghini</text>
<value>Lamborghini</value>
</menuItem>
<menuItem>
<text>Land Rover</text>
<value>Land Rover</value>
</menuItem>
<menuItem>
<text>Lexus</text>
<value>Lexus</value>
</menuItem>
<menuItem>
<text>Lincoln</text>
<value>Lincoln</value>
</menuItem>
<menuItem>
<text>Lotus</text>
<value>Lotus</value>
</menuItem>
<menuItem>
<text>Maserati</text>
<value>Maserati</value>
</menuItem>
<menuItem>
<text>Mazda</text>
<value>Mazda</value>
</menuItem>
<menuItem>
<text>Mercedes-Benz</text>
<value>Mercedes-Benz</value>
</menuItem>
<menuItem>
<text>Mercury</text>
<value>Mercury</value>
</menuItem>
<menuItem>
<text>Merkur</text>
<value>Merkur</value>
</menuItem>
<menuItem>
<text>MINI</text>
<value>MINI</value>
</menuItem>
<menuItem>
<text>Mitsubishi</text>
<value>Mitsubishi</value>
</menuItem>
<menuItem>
<text>Nissan</text>
<value>Nissan</value>
</menuItem>
<menuItem>
<text>Oldsmobile</text>
<value>Oldsmobile</value>
</menuItem>
<menuItem>
<text>PAS Inc - GMC</text>
<value>PAS Inc - GMC</value>
</menuItem>
<menuItem>
<text>PAS, Inc</text>
<value>PAS, Inc</value>
</menuItem>
<menuItem>
<text>Peugeot</text>
<value>Peugeot</value>
</menuItem>
<menuItem>
<text>Pininfarina</text>
<value>Pininfarina</value>
</menuItem>
<menuItem>
<text>Plymouth</text>
<value>Plymouth</value>
</menuItem>
<menuItem>
<text>Pontiac</text>
<value>Pontiac</value>
</menuItem>
<menuItem>
<text>Porsche</text>
<value>Porsche</value>
</menuItem>
<menuItem>
<text>Ram</text>
<value>Ram</value>
</menuItem>
<menuItem>
<text>Renault</text>
<value>Renault</value>
</menuItem>
<menuItem>
<text>Saab</text>
<value>Saab</value>
</menuItem>
<menuItem>
<text>Saturn</text>
<value>Saturn</value>
</menuItem>
<menuItem>
<text>Scion</text>
<value>Scion</value>
</menuItem>
<menuItem>
<text>Shelby</text>
<value>Shelby</value>
</menuItem>
<menuItem>
<text>smart</text>
<value>smart</value>
</menuItem>
<menuItem>
<text>Subaru</text>
<value>Subaru</value>
</menuItem>
<menuItem>
<text>Suzuki</text>
<value>Suzuki</value>
</menuItem>
<menuItem>
<text>Tesla</text>
<value>Tesla</value>
</menuItem>
<menuItem>
<text>Toyota</text>
<value>Toyota</value>
</menuItem>
<menuItem>
<text>TVR Engineering Ltd</text>
<value>TVR Engineering Ltd</value>
</menuItem>
<menuItem>
<text>Volkswagen</text>
<value>Volkswagen</value>
</menuItem>
<menuItem>
<text>Volvo</text>
<value>Volvo</value>
</menuItem>
<menuItem>
<text>Yugo</text>
<value>Yugo</value>
</menuItem>
</menuItems>