<vehicles>
<vehicle>
<atvType/>
<barrels08>11.360558000000001</barrels08>
<barrelsA08>0.0</barrelsA08>
<charge120>0.0</charge120>
<charge240>0.0</charge240>
<city08>27</city08>
<city08U>27.0</city08U>
<cityA08>0</cityA08>
<cityA08U>0.0</cityA08U>
<cityCD>0.0</cityCD>
<cityE>0.0</cityE>
<cityUF>0.0</cityUF>
<co2>305</co2>
<co2A>-1</co2A>
<co2TailpipeAGpm>0.0</co2TailpipeAGpm>
<co2TailpipeGpm>305.0</co2TailpipeGpm>
<comb08>29</comb08>
<comb08U>29.0</comb08U>
<combA08>0</combA08>
<combA08U>0.0</combA08U>
<combE>0.0</combE>
<combinedCD>0.0</combinedCD>
<combinedUF>0.0</combinedUF>
<cylinders>4</cylinders>
<displ>1.5</displ>
<drive>Front-Wheel Drive</drive>
<engId>10</engId>
<eng_dscr/>
<evMotor/>
<feScore>8</feScore>
<fuelCost08>1700</fuelCost08>
<fuelCostA08>0</fuelCostA08>
<fuelType>Regular</fuelType>
<fuelType1/>
<fuelType2/>
<ghgScore>8</ghgScore>
<ghgScoreA>-1</ghgScoreA>
<guzzler/>
<highway08>33</highway08>
<highway08U>33.437</highway08U>
<highwayA08>0</highwayA08>
<highwayA08U>0.0</highwayA08U>
<highwayCD>0.0</highwayCD>
<highwayE>0.0</highwayE>
<highwayUF>0.0</highwayUF>
<hlv>0</hlv>
<hpv>0</hpv>
<id>33273</id>
<lv2>0</lv2>
<lv4>21</lv4>
<make>Honda</make>
<mfrCode>HNX</mfrCode>
<model>Fit</model>
<mpgData>Y</mpgData>
<phevBlended>false</phevBlended>
<pv2>0</pv2>
<pv4>91</pv4>
<rangeA/>
<rangeCityA>0.0</rangeCityA>
<rangeHwyA>0.0</rangeHwyA>
<trans_dscr/>
<trany>Manual 5-spd</trany>
<UCity>36.3241</UCity>
<UCityA>0.0</UCityA>
<UHighway>47.1977</UHighway>
<UHighwayA>0.0</UHighwayA>
<VClass>Small Station Wagons</VClass>
<year>2013</year>
<youSaveSpend>2250</youSaveSpend>
<yourMpgVehicle>
<avgMpg>31.255603207</avgMpg>
<cityPercent>47</cityPercent>
<highwayPercent>53</highwayPercent>
<maxMpg>41</maxMpg>
<minMpg>22</minMpg>
<recordCount>4</recordCount>
<vehicleId>33273</vehicleId>
</yourMpgVehicle>
<sCharger/>
<tCharger/>
</vehicle>
<vehicle>
<atvType/>
<barrels08>10.613442000000001</barrels08>
<barrelsA08>0.0</barrelsA08>
<charge120>0.0</charge120>
<charge240>0.0</charge240>
<city08>28</city08>
<city08U>28.0</city08U>
<cityA08>0</cityA08>
<cityA08U>0.0</cityA08U>
<cityCD>0.0</cityCD>
<cityE>0.0</cityE>
<cityUF>0.0</cityUF>
<co2>286</co2>
<co2A>-1</co2A>
<co2TailpipeAGpm>0.0</co2TailpipeAGpm>
<co2TailpipeGpm>286.0</co2TailpipeGpm>
<comb08>31</comb08>
<comb08U>31.0</comb08U>
<combA08>0</combA08>
<combA08U>0.0</combA08U>
<combE>0.0</combE>
<combinedCD>0.0</combinedCD>
<combinedUF>0.0</combinedUF>
<cylinders>4</cylinders>
<displ>1.5</displ>
<drive>Front-Wheel Drive</drive>
<engId>11</engId>
<eng_dscr/>
<evMotor/>
<feScore>8</feScore>
<fuelCost08>1600</fuelCost08>
<fuelCostA08>0</fuelCostA08>
<fuelType>Regular</fuelType>
<fuelType1/>
<fuelType2/>
<ghgScore>8</ghgScore>
<ghgScoreA>-1</ghgScoreA>
<guzzler/>
<highway08>35</highway08>
<highway08U>35.0</highway08U>
<highwayA08>0</highwayA08>
<highwayA08U>0.0</highwayA08U>
<highwayCD>0.0</highwayCD>
<highwayE>0.0</highwayE>
<highwayUF>0.0</highwayUF>
<hlv>0</hlv>
<hpv>0</hpv>
<id>33274</id>
<lv2>0</lv2>
<lv4>21</lv4>
<make>Honda</make>
<mfrCode>HNX</mfrCode>
<model>Fit</model>
<mpgData>Y</mpgData>
<phevBlended>false</phevBlended>
<pv2>0</pv2>
<pv4>91</pv4>
<rangeA/>
<rangeCityA>0.0</rangeCityA>
<rangeHwyA>0.0</rangeHwyA>
<trans_dscr/>
<trany>Automatic 5-spd</trany>
<UCity>37.2</UCity>
<UCityA>0.0</UCityA>
<UHighway>51.6</UHighway>
<UHighwayA>0.0</UHighwayA>
<VClass>Small Station Wagons</VClass>
<year>2013</year>
<youSaveSpend>2750</youSaveSpend>
<yourMpgVehicle>
<avgMpg>33.554322351</avgMpg>
<cityPercent>64</cityPercent>
<highwayPercent>36</highwayPercent>
<maxMpg>41</maxMpg>
<minMpg>27</minMpg>
<recordCount>4</recordCount>
<vehicleId>33274</vehicleId>
</yourMpgVehicle>
<sCharger/>
<tCharger/>
</vehicle>
<vehicle>
<atvType/>
<barrels08>10.987</barrels08>
<barrelsA08>0.0</barrelsA08>
<charge120>0.0</charge120>
<charge240>0.0</charge240>
<city08>27</city08>
<city08U>27.0</city08U>
<cityA08>0</cityA08>
<cityA08U>0.0</cityA08U>
<cityCD>0.0</cityCD>
<cityE>0.0</cityE>
<cityUF>0.0</cityUF>
<co2>295</co2>
<co2A>-1</co2A>
<co2TailpipeAGpm>0.0</co2TailpipeAGpm>
<co2TailpipeGpm>295.0</co2TailpipeGpm>
<comb08>30</comb08>
<comb08U>30.0278</comb08U>
<combA08>0</combA08>
<combA08U>0.0</combA08U>
<combE>0.0</combE>
<combinedCD>0.0</combinedCD>
<combinedUF>0.0</combinedUF>
<cylinders>4</cylinders>
<displ>1.5</displ>
<drive>Front-Wheel Drive</drive>
<engId>12</engId>
<eng_dscr/>
<evMotor/>
<feScore>8</feScore>
<fuelCost08>1650</fuelCost08>
<fuelCostA08>0</fuelCostA08>
<fuelType>Regular</fuelType>
<fuelType1/>
<fuelType2/>
<ghgScore>8</ghgScore>
<ghgScoreA>-1</ghgScoreA>
<guzzler/>
<highway08>33</highway08>
<highway08U>33.0</highway08U>
<highwayA08>0</highwayA08>
<highwayA08U>0.0</highwayA08U>
<highwayCD>0.0</highwayCD>
<highwayE>0.0</highwayE>
<highwayUF>0.0</highwayUF>
<hlv>0</hlv>
<hpv>0</hpv>
<id>33275</id>
<lv2>0</lv2>
<lv4>21</lv4>
<make>Honda</make>
<mfrCode>HNX</mfrCode>
<model>Fit</model>
<mpgData>Y</mpgData>
<phevBlended>false</phevBlended>
<pv2>0</pv2>
<pv4>91</pv4>
<rangeA/>
<rangeCityA>0.0</rangeCityA>
<rangeHwyA>0.0</rangeHwyA>
<trans_dscr/>
<trany>Automatic (S5)</trany>
<UCity>35.7</UCity>
<UCityA>0.0</UCityA>
<UHighway>47.7</UHighway>
<UHighwayA>0.0</UHighwayA>
<VClass>Small Station Wagons</VClass>
<year>2013</year>
<youSaveSpend>2500</youSaveSpend>
<yourMpgVehicle>
<avgMpg>32.184874892</avgMpg>
<cityPercent>49</cityPercent>
<highwayPercent>51</highwayPercent>
<maxMpg>32</maxMpg>
<minMpg>32</minMpg>
<recordCount>1</recordCount>
<vehicleId>33275</vehicleId>
</yourMpgVehicle>
<sCharger/>
<tCharger/>
</vehicle>
<vehicle>
<atvType/>
<barrels08>11.360558000000001</barrels08>
<barrelsA08>0.0</barrelsA08>
<charge120>0.0</charge120>
<charge240>0.0</charge240>
<city08>27</city08>
<city08U>27.0</city08U>
<cityA08>0</cityA08>
<cityA08U>0.0</cityA08U>
<cityCD>0.0</cityCD>
<cityE>0.0</cityE>
<cityUF>0.0</cityUF>
<co2>-1</co2>
<co2A>-1</co2A>
<co2TailpipeAGpm>0.0</co2TailpipeAGpm>
<co2TailpipeGpm>306.44827586206895</co2TailpipeGpm>
<comb08>29</comb08>
<comb08U>29.0</comb08U>
<combA08>0</combA08>
<combA08U>0.0</combA08U>
<combE>0.0</combE>
<combinedCD>0.0</combinedCD>
<combinedUF>0.0</combinedUF>
<cylinders>4</cylinders>
<displ>1.5</displ>
<drive>Front-Wheel Drive</drive>
<engId>5</engId>
<eng_dscr/>
<evMotor/>
<feScore>-1</feScore>
<fuelCost08>1700</fuelCost08>
<fuelCostA08>0</fuelCostA08>
<fuelType>Regular</fuelType>
<fuelType1/>
<fuelType2/>
<ghgScore>-1</ghgScore>
<ghgScoreA>-1</ghgScoreA>
<guzzler/>
<highway08>33</highway08>
<highway08U>33.4246</highway08U>
<highwayA08>0</highwayA08>
<highwayA08U>0.0</highwayA08U>
<highwayCD>0.0</highwayCD>
<highwayE>0.0</highwayE>
<highwayUF>0.0</highwayUF>
<hlv>21</hlv>
<hpv>91</hpv>
<id>31817</id>
<lv2>0</lv2>
<lv4>0</lv4>
<make>Honda</make>
<mfrCode>HNX</mfrCode>
<model>Fit</model>
<mpgData>Y</mpgData>
<phevBlended>false</phevBlended>
<pv2>0</pv2>
<pv4>0</pv4>
<rangeA/>
<rangeCityA>0.0</rangeCityA>
<rangeHwyA>0.0</rangeHwyA>
<trans_dscr/>
<trany>Manual 5-spd</trany>
<UCity>36.3146</UCity>
<UCityA>0.0</UCityA>
<UHighway>47.1794</UHighway>
<UHighwayA>0.0</UHighwayA>
<VClass>Small Station Wagons</VClass>
<year>2012</year>
<youSaveSpend>2250</youSaveSpend>
<yourMpgVehicle>
<avgMpg>36.210640188</avgMpg>
<cityPercent>32</cityPercent>
<highwayPercent>68</highwayPercent>
<maxMpg>41</maxMpg>
<minMpg>34</minMpg>
<recordCount>5</recordCount>
<vehicleId>31817</vehicleId>
</yourMpgVehicle>
<sCharger/>
<tCharger/>
</vehicle>
<vehicle>
<atvType/>
<barrels08>10.613442000000001</barrels08>
<barrelsA08>0.0</barrelsA08>
<charge120>0.0</charge120>
<charge240>0.0</charge240>
<city08>28</city08>
<city08U>28.0</city08U>
<cityA08>0</cityA08>
<cityA08U>0.0</cityA08U>
<cityCD>0.0</cityCD>
<cityE>0.0</cityE>
<cityUF>0.0</cityUF>
<co2>-1</co2>
<co2A>-1</co2A>
<co2TailpipeAGpm>0.0</co2TailpipeAGpm>
<co2TailpipeGpm>286.6774193548387</co2TailpipeGpm>
<comb08>31</comb08>
<comb08U>31.0</comb08U>
<combA08>0</combA08>
<combA08U>0.0</combA08U>
<combE>0.0</combE>
<combinedCD>0.0</combinedCD>
<combinedUF>0.0</combinedUF>
<cylinders>4</cylinders>
<displ>1.5</displ>
<drive>Front-Wheel Drive</drive>
<engId>6</engId>
<eng_dscr/>
<evMotor/>
<feScore>-1</feScore>
<fuelCost08>1600</fuelCost08>
<fuelCostA08>0</fuelCostA08>
<fuelType>Regular</fuelType>
<fuelType1/>
<fuelType2/>
<ghgScore>-1</ghgScore>
<ghgScoreA>-1</ghgScoreA>
<guzzler/>
<highway08>35</highway08>
<highway08U>35.0</highway08U>
<highwayA08>0</highwayA08>
<highwayA08U>0.0</highwayA08U>
<highwayCD>0.0</highwayCD>
<highwayE>0.0</highwayE>
<highwayUF>0.0</highwayUF>
<hlv>21</hlv>
<hpv>91</hpv>
<id>31818</id>
<lv2>0</lv2>
<lv4>0</lv4>
<make>Honda</make>
<mfrCode>HNX</mfrCode>
<model>Fit</model>
<mpgData>Y</mpgData>
<phevBlended>false</phevBlended>
<pv2>0</pv2>
<pv4>0</pv4>
<rangeA/>
<rangeCityA>0.0</rangeCityA>
<rangeHwyA>0.0</rangeHwyA>
<trans_dscr/>
<trany>Automatic 5-spd</trany>
<UCity>37.2</UCity>
<UCityA>0.0</UCityA>
<UHighway>51.6</UHighway>
<UHighwayA>0.0</UHighwayA>
<VClass>Small Station Wagons</VClass>
<year>2012</year>
<youSaveSpend>2750</youSaveSpend>
<yourMpgVehicle>
<avgMpg>32.927188465</avgMpg>
<cityPercent>42</cityPercent>
<highwayPercent>58</highwayPercent>
<maxMpg>39</maxMpg>
<minMpg>29</minMpg>
<recordCount>5</recordCount>
<vehicleId>31818</vehicleId>
</yourMpgVehicle>
<sCharger/>
<tCharger/>
</vehicle>
<vehicle>
<atvType/>
<barrels08>10.987</barrels08>
<barrelsA08>0.0</barrelsA08>
<charge120>0.0</charge120>
<charge240>0.0</charge240>
<city08>27</city08>
<city08U>27.0</city08U>
<cityA08>0</cityA08>
<cityA08U>0.0</cityA08U>
<cityCD>0.0</cityCD>
<cityE>0.0</cityE>
<cityUF>0.0</cityUF>
<co2>-1</co2>
<co2A>-1</co2A>
<co2TailpipeAGpm>0.0</co2TailpipeAGpm>
<co2TailpipeGpm>296.23333333333335</co2TailpipeGpm>
<comb08>30</comb08>
<comb08U>30.0278</comb08U>
<combA08>0</combA08>
<combA08U>0.0</combA08U>
<combE>0.0</combE>
<combinedCD>0.0</combinedCD>
<combinedUF>0.0</combinedUF>
<cylinders>4</cylinders>
<displ>1.5</displ>
<drive>Front-Wheel Drive</drive>
<engId>7</engId>
<eng_dscr/>
<evMotor/>
<feScore>-1</feScore>
<fuelCost08>1650</fuelCost08>
<fuelCostA08>0</fuelCostA08>
<fuelType>Regular</fuelType>
<fuelType1/>
<fuelType2/>
<ghgScore>-1</ghgScore>
<ghgScoreA>-1</ghgScoreA>
<guzzler/>
<highway08>33</highway08>
<highway08U>33.0</highway08U>
<highwayA08>0</highwayA08>
<highwayA08U>0.0</highwayA08U>
<highwayCD>0.0</highwayCD>
<highwayE>0.0</highwayE>
<highwayUF>0.0</highwayUF>
<hlv>21</hlv>
<hpv>91</hpv>
<id>31819</id>
<lv2>0</lv2>
<lv4>0</lv4>
<make>Honda</make>
<mfrCode>HNX</mfrCode>
<model>Fit</model>
<mpgData>Y</mpgData>
<phevBlended>false</phevBlended>
<pv2>0</pv2>
<pv4>0</pv4>
<rangeA/>
<rangeCityA>0.0</rangeCityA>
<rangeHwyA>0.0</rangeHwyA>
<trans_dscr/>
<trany>Automatic (S5)</trany>
<UCity>35.7</UCity>
<UCityA>0.0</UCityA>
<UHighway>47.7</UHighway>
<UHighwayA>0.0</UHighwayA>
<VClass>Small Station Wagons</VClass>
<year>2012</year>
<youSaveSpend>2500</youSaveSpend>
<yourMpgVehicle>
<avgMpg>33.340662393</avgMpg>
<cityPercent>45</cityPercent>
<highwayPercent>55</highwayPercent>
<maxMpg>36</maxMpg>
<minMpg>30</minMpg>
<recordCount>3</recordCount>
<vehicleId>31819</vehicleId>
</yourMpgVehicle>
<sCharger/>
<tCharger/>
</vehicle>
<vehicle>
<atvType/>
<barrels08>10.613442000000001</barrels08>
<barrelsA08>0.0</barrelsA08>
<charge120>0.0</charge120>
<charge240>0.0</charge240>
<city08>28</city08>
<city08U>0.0</city08U>
<cityA08>0</cityA08>
<cityA08U>0.0</cityA08U>
<cityCD>0.0</cityCD>
<cityE>0.0</cityE>
<cityUF>0.0</cityUF>
<co2>-1</co2>
<co2A>-1</co2A>
<co2TailpipeAGpm>0.0</co2TailpipeAGpm>
<co2TailpipeGpm>286.6774193548387</co2TailpipeGpm>
<comb08>31</comb08>
<comb08U>0.0</comb08U>
<combA08>0</combA08>
<combA08U>0.0</combA08U>
<combE>0.0</combE>
<combinedCD>0.0</combinedCD>
<combinedUF>0.0</combinedUF>
<cylinders>4</cylinders>
<displ>1.5</displ>
<drive>Front-Wheel Drive</drive>
<engId>6</engId>
<eng_dscr/>
<evMotor/>
<feScore>-1</feScore>
<fuelCost08>1600</fuelCost08>
<fuelCostA08>0</fuelCostA08>
<fuelType>Regular</fuelType>
<fuelType1/>
<fuelType2/>
<ghgScore>-1</ghgScore>
<ghgScoreA>-1</ghgScoreA>
<guzzler/>
<highway08>35</highway08>
<highway08U>0.0</highway08U>
<highwayA08>0</highwayA08>
<highwayA08U>0.0</highwayA08U>
<highwayCD>0.0</highwayCD>
<highwayE>0.0</highwayE>
<highwayUF>0.0</highwayUF>
<hlv>21</hlv>
<hpv>91</hpv>
<id>31079</id>
<lv2>0</lv2>
<lv4>0</lv4>
<make>Honda</make>
<mfrCode/>
<model>Fit</model>
<mpgData>Y</mpgData>
<phevBlended>false</phevBlended>
<pv2>0</pv2>
<pv4>0</pv4>
<rangeA/>
<rangeCityA>0.0</rangeCityA>
<rangeHwyA>0.0</rangeHwyA>
<trans_dscr/>
<trany>Automatic 5-spd</trany>
<UCity>37.2</UCity>
<UCityA>0.0</UCityA>
<UHighway>51.6</UHighway>
<UHighwayA>0.0</UHighwayA>
<VClass>Small Station Wagons</VClass>
<year>2011</year>
<youSaveSpend>2750</youSaveSpend>
<yourMpgVehicle>
<avgMpg>31.119721506</avgMpg>
<cityPercent>44</cityPercent>
<highwayPercent>56</highwayPercent>
<maxMpg>38</maxMpg>
<minMpg>24</minMpg>
<recordCount>5</recordCount>
<vehicleId>31079</vehicleId>
</yourMpgVehicle>
<sCharger/>
<tCharger/>
</vehicle>
<vehicle>
<atvType/>
<barrels08>11.360558000000001</barrels08>
<barrelsA08>0.0</barrelsA08>
<charge120>0.0</charge120>
<charge240>0.0</charge240>
<city08>27</city08>
<city08U>0.0</city08U>
<cityA08>0</cityA08>
<cityA08U>0.0</cityA08U>
<cityCD>0.0</cityCD>
<cityE>0.0</cityE>
<cityUF>0.0</cityUF>
<co2>-1</co2>
<co2A>-1</co2A>
<co2TailpipeAGpm>0.0</co2TailpipeAGpm>
<co2TailpipeGpm>306.44827586206895</co2TailpipeGpm>
<comb08>29</comb08>
<comb08U>0.0</comb08U>
<combA08>0</combA08>
<combA08U>0.0</combA08U>
<combE>0.0</combE>
<combinedCD>0.0</combinedCD>
<combinedUF>0.0</combinedUF>
<cylinders>4</cylinders>
<displ>1.5</displ>
<drive>Front-Wheel Drive</drive>
<engId>5</engId>
<eng_dscr/>
<evMotor/>
<feScore>-1</feScore>
<fuelCost08>1700</fuelCost08>
<fuelCostA08>0</fuelCostA08>
<fuelType>Regular</fuelType>
<fuelType1/>
<fuelType2/>
<ghgScore>-1</ghgScore>
<ghgScoreA>-1</ghgScoreA>
<guzzler/>
<highway08>33</highway08>
<highway08U>0.0</highway08U>
<highwayA08>0</highwayA08>
<highwayA08U>0.0</highwayA08U>
<highwayCD>0.0</highwayCD>
<highwayE>0.0</highwayE>
<highwayUF>0.0</highwayUF>
<hlv>21</hlv>
<hpv>91</hpv>
<id>31080</id>
<lv2>0</lv2>
<lv4>0</lv4>
<make>Honda</make>
<mfrCode/>
<model>Fit</model>
<mpgData>Y</mpgData>
<phevBlended>false</phevBlended>
<pv2>0</pv2>
<pv4>0</pv4>
<rangeA/>
<rangeCityA>0.0</rangeCityA>
<rangeHwyA>0.0</rangeHwyA>
<trans_dscr/>
<trany>Manual 5-spd</trany>
<UCity>36.3814</UCity>
<UCityA>0.0</UCityA>
<UHighway>47.3076</UHighway>
<UHighwayA>0.0</UHighwayA>
<VClass>Small Station Wagons</VClass>
<year>2011</year>
<youSaveSpend>2250</youSaveSpend>
<yourMpgVehicle>
<avgMpg>36.918231683</avgMpg>
<cityPercent>31</cityPercent>
<highwayPercent>69</highwayPercent>
<maxMpg>42</maxMpg>
<minMpg>31</minMpg>
<recordCount>7</recordCount>
<vehicleId>31080</vehicleId>
</yourMpgVehicle>
<sCharger/>
<tCharger/>
</vehicle>
<vehicle>
<atvType/>
<barrels08>10.987</barrels08>
<barrelsA08>0.0</barrelsA08>
<charge120>0.0</charge120>
<charge240>0.0</charge240>
<city08>27</city08>
<city08U>0.0</city08U>
<cityA08>0</cityA08>
<cityA08U>0.0</cityA08U>
<cityCD>0.0</cityCD>
<cityE>0.0</cityE>
<cityUF>0.0</cityUF>
<co2>-1</co2>
<co2A>-1</co2A>
<co2TailpipeAGpm>0.0</co2TailpipeAGpm>
<co2TailpipeGpm>296.23333333333335</co2TailpipeGpm>
<comb08>30</comb08>
<comb08U>0.0</comb08U>
<combA08>0</combA08>
<combA08U>0.0</combA08U>
<combE>0.0</combE>
<combinedCD>0.0</combinedCD>
<combinedUF>0.0</combinedUF>
<cylinders>4</cylinders>
<displ>1.5</displ>
<drive>Front-Wheel Drive</drive>
<engId>7</engId>
<eng_dscr/>
<evMotor/>
<feScore>-1</feScore>
<fuelCost08>1650</fuelCost08>
<fuelCostA08>0</fuelCostA08>
<fuelType>Regular</fuelType>
<fuelType1/>
<fuelType2/>
<ghgScore>-1</ghgScore>
<ghgScoreA>-1</ghgScoreA>
<guzzler/>
<highway08>33</highway08>
<highway08U>0.0</highway08U>
<highwayA08>0</highwayA08>
<highwayA08U>0.0</highwayA08U>
<highwayCD>0.0</highwayCD>
<highwayE>0.0</highwayE>
<highwayUF>0.0</highwayUF>
<hlv>21</hlv>
<hpv>91</hpv>
<id>31081</id>
<lv2>0</lv2>
<lv4>0</lv4>
<make>Honda</make>
<mfrCode/>
<model>Fit</model>
<mpgData>Y</mpgData>
<phevBlended>false</phevBlended>
<pv2>0</pv2>
<pv4>0</pv4>
<rangeA/>
<rangeCityA>0.0</rangeCityA>
<rangeHwyA>0.0</rangeHwyA>
<trans_dscr/>
<trany>Automatic (S5)</trany>
<UCity>35.7</UCity>
<UCityA>0.0</UCityA>
<UHighway>47.7</UHighway>
<UHighwayA>0.0</UHighwayA>
<VClass>Small Station Wagons</VClass>
<year>2011</year>
<youSaveSpend>2500</youSaveSpend>
<yourMpgVehicle>
<avgMpg>35.914280987</avgMpg>
<cityPercent>31</cityPercent>
<highwayPercent>69</highwayPercent>
<maxMpg>39</maxMpg>
<minMpg>33</minMpg>
<recordCount>6</recordCount>
<vehicleId>31081</vehicleId>
</yourMpgVehicle>
<sCharger/>
<tCharger/>
</vehicle>
<vehicle>
<atvType/>
<barrels08>10.613442000000001</barrels08>
<barrelsA08>0.0</barrelsA08>
<charge120>0.0</charge120>
<charge240>0.0</charge240>
<city08>28</city08>
<city08U>0.0</city08U>
<cityA08>0</cityA08>
<cityA08U>0.0</cityA08U>
<cityCD>0.0</cityCD>
<cityE>0.0</cityE>
<cityUF>0.0</cityUF>
<co2>-1</co2>
<co2A>-1</co2A>
<co2TailpipeAGpm>0.0</co2TailpipeAGpm>
<co2TailpipeGpm>286.6774193548387</co2TailpipeGpm>
<comb08>31</comb08>
<comb08U>0.0</comb08U>
<combA08>0</combA08>
<combA08U>0.0</combA08U>
<combE>0.0</combE>
<combinedCD>0.0</combinedCD>
<combinedUF>0.0</combinedUF>
<cylinders>4</cylinders>
<displ>1.5</displ>
<drive>Front-Wheel Drive</drive>
<engId>14</engId>
<eng_dscr/>
<evMotor/>
<feScore>-1</feScore>
<fuelCost08>1600</fuelCost08>
<fuelCostA08>0</fuelCostA08>
<fuelType>Regular</fuelType>
<fuelType1/>
<fuelType2/>
<ghgScore>-1</ghgScore>
<ghgScoreA>-1</ghgScoreA>
<guzzler/>
<highway08>35</highway08>
<highway08U>0.0</highway08U>
<highwayA08>0</highwayA08>
<highwayA08U>0.0</highwayA08U>
<highwayCD>0.0</highwayCD>
<highwayE>0.0</highwayE>
<highwayUF>0.0</highwayUF>
<hlv>21</hlv>
<hpv>91</hpv>
<id>29636</id>
<lv2>0</lv2>
<lv4>0</lv4>
<make>Honda</make>
<mfrCode/>
<model>Fit</model>
<mpgData>Y</mpgData>
<phevBlended>false</phevBlended>
<pv2>0</pv2>
<pv4>0</pv4>
<rangeA/>
<rangeCityA>0.0</rangeCityA>
<rangeHwyA>0.0</rangeHwyA>
<trans_dscr/>
<trany>Automatic 5-spd</trany>
<UCity>36.5</UCity>
<UCityA>0.0</UCityA>
<UHighway>49.3</UHighway>
<UHighwayA>0.0</UHighwayA>
<VClass>Small Station Wagons</VClass>
<year>2010</year>
<youSaveSpend>2750</youSaveSpend>
<yourMpgVehicle>
<avgMpg>37.40456914</avgMpg>
<cityPercent>25</cityPercent>
<highwayPercent>75</highwayPercent>
<maxMpg>41</maxMpg>
<minMpg>34</minMpg>
<recordCount>5</recordCount>
<vehicleId>29636</vehicleId>
</yourMpgVehicle>
<sCharger/>
<tCharger/>
</vehicle>
<vehicle>
<atvType/>
<barrels08>11.360558000000001</barrels08>
<barrelsA08>0.0</barrelsA08>
<charge120>0.0</charge120>
<charge240>0.0</charge240>
<city08>27</city08>
<city08U>0.0</city08U>
<cityA08>0</cityA08>
<cityA08U>0.0</cityA08U>
<cityCD>0.0</cityCD>
<cityE>0.0</cityE>
<cityUF>0.0</cityUF>
<co2>-1</co2>
<co2A>-1</co2A>
<co2TailpipeAGpm>0.0</co2TailpipeAGpm>
<co2TailpipeGpm>306.44827586206895</co2TailpipeGpm>
<comb08>29</comb08>
<comb08U>0.0</comb08U>
<combA08>0</combA08>
<combA08U>0.0</combA08U>
<combE>0.0</combE>
<combinedCD>0.0</combinedCD>
<combinedUF>0.0</combinedUF>
<cylinders>4</cylinders>
<displ>1.5</displ>
<drive>Front-Wheel Drive</drive>
<engId>13</engId>
<eng_dscr/>
<evMotor/>
<feScore>-1</feScore>
<fuelCost08>1700</fuelCost08>
<fuelCostA08>0</fuelCostA08>
<fuelType>Regular</fuelType>
<fuelType1/>
<fuelType2/>
<ghgScore>-1</ghgScore>
<ghgScoreA>-1</ghgScoreA>
<guzzler/>
<highway08>33</highway08>
<highway08U>0.0</highway08U>
<highwayA08>0</highwayA08>
<highwayA08U>0.0</highwayA08U>
<highwayCD>0.0</highwayCD>
<highwayE>0.0</highwayE>
<highwayUF>0.0</highwayUF>
<hlv>21</hlv>
<hpv>91</hpv>
<id>29637</id>
<lv2>0</lv2>
<lv4>0</lv4>
<make>Honda</make>
<mfrCode/>
<model>Fit</model>
<mpgData>Y</mpgData>
<phevBlended>false</phevBlended>
<pv2>0</pv2>
<pv4>0</pv4>
<rangeA/>
<rangeCityA>0.0</rangeCityA>
<rangeHwyA>0.0</rangeHwyA>
<trans_dscr/>
<trany>Manual 5-spd</trany>
<UCity>35.5644</UCity>
<UCityA>0.0</UCityA>
<UHighway>46.2622</UHighway>
<UHighwayA>0.0</UHighwayA>
<VClass>Small Station Wagons</VClass>
<year>2010</year>
<youSaveSpend>2250</youSaveSpend>
<yourMpgVehicle>
<avgMpg>35.168799305</avgMpg>
<cityPercent>33</cityPercent>
<highwayPercent>67</highwayPercent>
<maxMpg>41</maxMpg>
<minMpg>29</minMpg>
<recordCount>10</recordCount>
<vehicleId>29637</vehicleId>
</yourMpgVehicle>
<sCharger/>
<tCharger/>
</vehicle>
<vehicle>
<atvType/>
<barrels08>10.987</barrels08>
<barrelsA08>0.0</barrelsA08>
<charge120>0.0</charge120>
<charge240>0.0</charge240>
<city08>27</city08>
<city08U>0.0</city08U>
<cityA08>0</cityA08>
<cityA08U>0.0</cityA08U>
<cityCD>0.0</cityCD>
<cityE>0.0</cityE>
<cityUF>0.0</cityUF>
<co2>-1</co2>
<co2A>-1</co2A>
<co2TailpipeAGpm>0.0</co2TailpipeAGpm>
<co2TailpipeGpm>296.23333333333335</co2TailpipeGpm>
<comb08>30</comb08>
<comb08U>0.0</comb08U>
<combA08>0</combA08>
<combA08U>0.0</combA08U>
<combE>0.0</combE>
<combinedCD>0.0</combinedCD>
<combinedUF>0.0</combinedUF>
<cylinders>4</cylinders>
<displ>1.5</displ>
<drive>Front-Wheel Drive</drive>
<engId>15</engId>
<eng_dscr/>
<evMotor/>
<feScore>-1</feScore>
<fuelCost08>1650</fuelCost08>
<fuelCostA08>0</fuelCostA08>
<fuelType>Regular</fuelType>
<fuelType1/>
<fuelType2/>
<ghgScore>-1</ghgScore>
<ghgScoreA>-1</ghgScoreA>
<guzzler/>
<highway08>33</highway08>
<highway08U>0.0</highway08U>
<highwayA08>0</highwayA08>
<highwayA08U>0.0</highwayA08U>
<highwayCD>0.0</highwayCD>
<highwayE>0.0</highwayE>
<highwayUF>0.0</highwayUF>
<hlv>21</hlv>
<hpv>91</hpv>
<id>29638</id>
<lv2>0</lv2>
<lv4>0</lv4>
<make>Honda</make>
<mfrCode/>
<model>Fit</model>
<mpgData>Y</mpgData>
<phevBlended>false</phevBlended>
<pv2>0</pv2>
<pv4>0</pv4>
<rangeA/>
<rangeCityA>0.0</rangeCityA>
<rangeHwyA>0.0</rangeHwyA>
<trans_dscr/>
<trany>Automatic (S5)</trany>
<UCity>35.2</UCity>
<UCityA>0.0</UCityA>
<UHighway>47.4</UHighway>
<UHighwayA>0.0</UHighwayA>
<VClass>Small Station Wagons</VClass>
<year>2010</year>
<youSaveSpend>2500</youSaveSpend>
<yourMpgVehicle>
<avgMpg>33.079702764</avgMpg>
<cityPercent>42</cityPercent>
<highwayPercent>58</highwayPercent>
<maxMpg>39</maxMpg>
<minMpg>27</minMpg>
<recordCount>6</recordCount>
<vehicleId>29638</vehicleId>
</yourMpgVehicle>
<sCharger/>
<tCharger/>
</vehicle>
<vehicle>
<atvType/>
<barrels08>10.613442000000001</barrels08>
<barrelsA08>0.0</barrelsA08>
<charge120>0.0</charge120>
<charge240>0.0</charge240>
<city08>28</city08>
<city08U>0.0</city08U>
<cityA08>0</cityA08>
<cityA08U>0.0</cityA08U>
<cityCD>0.0</cityCD>
<cityE>0.0</cityE>
<cityUF>0.0</cityUF>
<co2>-1</co2>
<co2A>-1</co2A>
<co2TailpipeAGpm>0.0</co2TailpipeAGpm>
<co2TailpipeGpm>286.6774193548387</co2TailpipeGpm>
<comb08>31</comb08>
<comb08U>0.0</comb08U>
<combA08>0</combA08>
<combA08U>0.0</combA08U>
<combE>0.0</combE>
<combinedCD>0.0</combinedCD>
<combinedUF>0.0</combinedUF>
<cylinders>4</cylinders>
<displ>1.5</displ>
<drive>Front-Wheel Drive</drive>
<engId>0</engId>
<eng_dscr/>
<evMotor/>
<feScore>-1</feScore>
<fuelCost08>1600</fuelCost08>
<fuelCostA08>0</fuelCostA08>
<fuelType>Regular</fuelType>
<fuelType1/>
<fuelType2/>
<ghgScore>-1</ghgScore>
<ghgScoreA>-1</ghgScoreA>
<guzzler/>
<highway08>35</highway08>
<highway08U>0.0</highway08U>
<highwayA08>0</highwayA08>
<highwayA08U>0.0</highwayA08U>
<highwayCD>0.0</highwayCD>
<highwayE>0.0</highwayE>
<highwayUF>0.0</highwayUF>
<hlv>0</hlv>
<hpv>0</hpv>
<id>26019</id>
<lv2>0</lv2>
<lv4>21</lv4>
<make>Honda</make>
<mfrCode/>
<model>Fit</model>
<mpgData>Y</mpgData>
<phevBlended>false</phevBlended>
<pv2>0</pv2>
<pv4>91</pv4>
<rangeA/>
<rangeCityA>0.0</rangeCityA>
<rangeHwyA>0.0</rangeHwyA>
<trans_dscr>CLKUP</trans_dscr>
<trany>Automatic 5-spd</trany>
<UCity>36.5</UCity>
<UCityA>0.0</UCityA>
<UHighway>49.3</UHighway>
<UHighwayA>0.0</UHighwayA>
<VClass>Small Station Wagons</VClass>
<year>2009</year>
<youSaveSpend>2750</youSaveSpend>
<yourMpgVehicle>
<avgMpg>35.017133181</avgMpg>
<cityPercent>41</cityPercent>
<highwayPercent>59</highwayPercent>
<maxMpg>48</maxMpg>
<minMpg>26</minMpg>
<recordCount>18</recordCount>
<vehicleId>26019</vehicleId>
</yourMpgVehicle>
<sCharger/>
<tCharger/>
</vehicle>
<vehicle>
<atvType/>
<barrels08>11.360558000000001</barrels08>
<barrelsA08>0.0</barrelsA08>
<charge120>0.0</charge120>
<charge240>0.0</charge240>
<city08>27</city08>
<city08U>0.0</city08U>
<cityA08>0</cityA08>
<cityA08U>0.0</cityA08U>
<cityCD>0.0</cityCD>
<cityE>0.0</cityE>
<cityUF>0.0</cityUF>
<co2>-1</co2>
<co2A>-1</co2A>
<co2TailpipeAGpm>0.0</co2TailpipeAGpm>
<co2TailpipeGpm>306.44827586206895</co2TailpipeGpm>
<comb08>29</comb08>
<comb08U>0.0</comb08U>
<combA08>0</combA08>
<combA08U>0.0</combA08U>
<combE>0.0</combE>
<combinedCD>0.0</combinedCD>
<combinedUF>0.0</combinedUF>
<cylinders>4</cylinders>
<displ>1.5</displ>
<drive>Front-Wheel Drive</drive>
<engId>0</engId>
<eng_dscr/>
<evMotor/>
<feScore>-1</feScore>
<fuelCost08>1700</fuelCost08>
<fuelCostA08>0</fuelCostA08>
<fuelType>Regular</fuelType>
<fuelType1/>
<fuelType2/>
<ghgScore>-1</ghgScore>
<ghgScoreA>-1</ghgScoreA>
<guzzler/>
<highway08>33</highway08>
<highway08U>0.0</highway08U>
<highwayA08>0</highwayA08>
<highwayA08U>0.0</highwayA08U>
<highwayCD>0.0</highwayCD>
<highwayE>0.0</highwayE>
<highwayUF>0.0</highwayUF>
<hlv>0</hlv>
<hpv>0</hpv>
<id>26020</id>
<lv2>0</lv2>
<lv4>21</lv4>
<make>Honda</make>
<mfrCode/>
<model>Fit</model>
<mpgData>Y</mpgData>
<phevBlended>false</phevBlended>
<pv2>0</pv2>
<pv4>91</pv4>
<rangeA/>
<rangeCityA>0.0</rangeCityA>
<rangeHwyA>0.0</rangeHwyA>
<trans_dscr/>
<trany>Manual 5-spd</trany>
<UCity>35.4276</UCity>
<UCityA>0.0</UCityA>
<UHighway>45.9706</UHighway>
<UHighwayA>0.0</UHighwayA>
<VClass>Small Station Wagons</VClass>
<year>2009</year>
<youSaveSpend>2250</youSaveSpend>
<yourMpgVehicle>
<avgMpg>36.202325824</avgMpg>
<cityPercent>40</cityPercent>
<highwayPercent>60</highwayPercent>
<maxMpg>43</maxMpg>
<minMpg>31</minMpg>
<recordCount>23</recordCount>
<vehicleId>26020</vehicleId>
</yourMpgVehicle>
<sCharger/>
<tCharger/>
</vehicle>
<vehicle>
<atvType/>
<barrels08>10.987</barrels08>
<barrelsA08>0.0</barrelsA08>
<charge120>0.0</charge120>
<charge240>0.0</charge240>
<city08>27</city08>
<city08U>0.0</city08U>
<cityA08>0</cityA08>
<cityA08U>0.0</cityA08U>
<cityCD>0.0</cityCD>
<cityE>0.0</cityE>
<cityUF>0.0</cityUF>
<co2>-1</co2>
<co2A>-1</co2A>
<co2TailpipeAGpm>0.0</co2TailpipeAGpm>
<co2TailpipeGpm>296.23333333333335</co2TailpipeGpm>
<comb08>30</comb08>
<comb08U>0.0</comb08U>
<combA08>0</combA08>
<combA08U>0.0</combA08U>
<combE>0.0</combE>
<combinedCD>0.0</combinedCD>
<combinedUF>0.0</combinedUF>
<cylinders>4</cylinders>
<displ>1.5</displ>
<drive>Front-Wheel Drive</drive>
<engId>0</engId>
<eng_dscr/>
<evMotor/>
<feScore>-1</feScore>
<fuelCost08>1650</fuelCost08>
<fuelCostA08>0</fuelCostA08>
<fuelType>Regular</fuelType>
<fuelType1/>
<fuelType2/>
<ghgScore>-1</ghgScore>
<ghgScoreA>-1</ghgScoreA>
<guzzler/>
<highway08>33</highway08>
<highway08U>0.0</highway08U>
<highwayA08>0</highwayA08>
<highwayA08U>0.0</highwayA08U>
<highwayCD>0.0</highwayCD>
<highwayE>0.0</highwayE>
<highwayUF>0.0</highwayUF>
<hlv>0</hlv>
<hpv>0</hpv>
<id>26021</id>
<lv2>0</lv2>
<lv4>21</lv4>
<make>Honda</make>
<mfrCode/>
<model>Fit</model>
<mpgData>Y</mpgData>
<phevBlended>false</phevBlended>
<pv2>0</pv2>
<pv4>91</pv4>
<rangeA/>
<rangeCityA>0.0</rangeCityA>
<rangeHwyA>0.0</rangeHwyA>
<trans_dscr>2MODE CLKUP</trans_dscr>
<trany>Automatic (S5)</trany>
<UCity>35.2</UCity>
<UCityA>0.0</UCityA>
<UHighway>47.4</UHighway>
<UHighwayA>0.0</UHighwayA>
<VClass>Small Station Wagons</VClass>
<year>2009</year>
<youSaveSpend>2500</youSaveSpend>
<yourMpgVehicle>
<avgMpg>33.919936557</avgMpg>
<cityPercent>41</cityPercent>
<highwayPercent>59</highwayPercent>
<maxMpg>44</maxMpg>
<minMpg>23</minMpg>
<recordCount>32</recordCount>
<vehicleId>26021</vehicleId>
</yourMpgVehicle>
<sCharger/>
<tCharger/>
</vehicle>
<vehicle>
<atvType/>
<barrels08>10.987</barrels08>
<barrelsA08>0.0</barrelsA08>
<charge120>0.0</charge120>
<charge240>0.0</charge240>
<city08>27</city08>
<city08U>0.0</city08U>
<cityA08>0</cityA08>
<cityA08U>0.0</cityA08U>
<cityCD>0.0</cityCD>
<cityE>0.0</cityE>
<cityUF>0.0</cityUF>
<co2>-1</co2>
<co2A>-1</co2A>
<co2TailpipeAGpm>0.0</co2TailpipeAGpm>
<co2TailpipeGpm>296.23333333333335</co2TailpipeGpm>
<comb08>30</comb08>
<comb08U>0.0</comb08U>
<combA08>0</combA08>
<combA08U>0.0</combA08U>
<combE>0.0</combE>
<combinedCD>0.0</combinedCD>
<combinedUF>0.0</combinedUF>
<cylinders>4</cylinders>
<displ>1.5</displ>
<drive>Front-Wheel Drive</drive>
<engId>0</engId>
<eng_dscr/>
<evMotor/>
<feScore>-1</feScore>
<fuelCost08>1650</fuelCost08>
<fuelCostA08>0</fuelCostA08>
<fuelType>Regular</fuelType>
<fuelType1/>
<fuelType2/>
<ghgScore>-1</ghgScore>
<ghgScoreA>-1</ghgScoreA>
<guzzler/>
<highway08>34</highway08>
<highway08U>0.0</highway08U>
<highwayA08>0</highwayA08>
<highwayA08U>0.0</highwayA08U>
<highwayCD>0.0</highwayCD>
<highwayE>0.0</highwayE>
<highwayUF>0.0</highwayUF>
<hlv>0</hlv>
<hpv>0</hpv>
<id>24920</id>
<lv2>0</lv2>
<lv4>21</lv4>
<make>Honda</make>
<mfrCode/>
<model>Fit</model>
<mpgData>Y</mpgData>
<phevBlended>false</phevBlended>
<pv2>0</pv2>
<pv4>90</pv4>
<rangeA/>
<rangeCityA>0.0</rangeCityA>
<rangeHwyA>0.0</rangeHwyA>
<trans_dscr>CLKUP</trans_dscr>
<trany>Automatic 5-spd</trany>
<UCity>34.7</UCity>
<UCityA>0.0</UCityA>
<UHighway>49.3</UHighway>
<UHighwayA>0.0</UHighwayA>
<VClass>Small Station Wagons</VClass>
<year>2008</year>
<youSaveSpend>2500</youSaveSpend>
<yourMpgVehicle>
<avgMpg>32.07775073</avgMpg>
<cityPercent>44</cityPercent>
<highwayPercent>56</highwayPercent>
<maxMpg>46</maxMpg>
<minMpg>25</minMpg>
<recordCount>14</recordCount>
<vehicleId>24920</vehicleId>
</yourMpgVehicle>
<sCharger/>
<tCharger/>
</vehicle>
<vehicle>
<atvType/>
<barrels08>10.613442000000001</barrels08>
<barrelsA08>0.0</barrelsA08>
<charge120>0.0</charge120>
<charge240>0.0</charge240>
<city08>28</city08>
<city08U>0.0</city08U>
<cityA08>0</cityA08>
<cityA08U>0.0</cityA08U>
<cityCD>0.0</cityCD>
<cityE>0.0</cityE>
<cityUF>0.0</cityUF>
<co2>-1</co2>
<co2A>-1</co2A>
<co2TailpipeAGpm>0.0</co2TailpipeAGpm>
<co2TailpipeGpm>286.6774193548387</co2TailpipeGpm>
<comb08>31</comb08>
<comb08U>0.0</comb08U>
<combA08>0</combA08>
<combA08U>0.0</combA08U>
<combE>0.0</combE>
<combinedCD>0.0</combinedCD>
<combinedUF>0.0</combinedUF>
<cylinders>4</cylinders>
<displ>1.5</displ>
<drive>Front-Wheel Drive</drive>
<engId>0</engId>
<eng_dscr/>
<evMotor/>
<feScore>-1</feScore>
<fuelCost08>1600</fuelCost08>
<fuelCostA08>0</fuelCostA08>
<fuelType>Regular</fuelType>
<fuelType1/>
<fuelType2/>
<ghgScore>-1</ghgScore>
<ghgScoreA>-1</ghgScoreA>
<guzzler/>
<highway08>34</highway08>
<highway08U>0.0</highway08U>
<highwayA08>0</highwayA08>
<highwayA08U>0.0</highwayA08U>
<highwayCD>0.0</highwayCD>
<highwayE>0.0</highwayE>
<highwayUF>0.0</highwayUF>
<hlv>0</hlv>
<hpv>0</hpv>
<id>24921</id>
<lv2>0</lv2>
<lv4>21</lv4>
<make>Honda</make>
<mfrCode/>
<model>Fit</model>
<mpgData>Y</mpgData>
<phevBlended>false</phevBlended>
<pv2>0</pv2>
<pv4>90</pv4>
<rangeA/>
<rangeCityA>0.0</rangeCityA>
<rangeHwyA>0.0</rangeHwyA>
<trans_dscr/>
<trany>Manual 5-spd</trany>
<UCity>36.72</UCity>
<UCityA>0.0</UCityA>
<UHighway>48.2</UHighway>
<UHighwayA>0.0</UHighwayA>
<VClass>Small Station Wagons</VClass>
<year>2008</year>
<youSaveSpend>2750</youSaveSpend>
<yourMpgVehicle>
<avgMpg>35.262017679</avgMpg>
<cityPercent>41</cityPercent>
<highwayPercent>59</highwayPercent>
<maxMpg>42</maxMpg>
<minMpg>30</minMpg>
<recordCount>55</recordCount>
<vehicleId>24921</vehicleId>
</yourMpgVehicle>
<sCharger/>
<tCharger/>
</vehicle>
<vehicle>
<atvType/>
<barrels08>11.360558000000001</barrels08>
<barrelsA08>0.0</barrelsA08>
<charge120>0.0</charge120>
<charge240>0.0</charge240>
<city08>27</city08>
<city08U>0.0</city08U>
<cityA08>0</cityA08>
<cityA08U>0.0</cityA08U>
<cityCD>0.0</cityCD>
<cityE>0.0</cityE>
<cityUF>0.0</cityUF>
<co2>-1</co2>
<co2A>-1</co2A>
<co2TailpipeAGpm>0.0</co2TailpipeAGpm>
<co2TailpipeGpm>306.44827586206895</co2TailpipeGpm>
<comb08>29</comb08>
<comb08U>0.0</comb08U>
<combA08>0</combA08>
<combA08U>0.0</combA08U>
<combE>0.0</combE>
<combinedCD>0.0</combinedCD>
<combinedUF>0.0</combinedUF>
<cylinders>4</cylinders>
<displ>1.5</displ>
<drive>Front-Wheel Drive</drive>
<engId>0</engId>
<eng_dscr/>
<evMotor/>
<feScore>-1</feScore>
<fuelCost08>1700</fuelCost08>
<fuelCostA08>0</fuelCostA08>
<fuelType>Regular</fuelType>
<fuelType1/>
<fuelType2/>
<ghgScore>-1</ghgScore>
<ghgScoreA>-1</ghgScoreA>
<guzzler/>
<highway08>33</highway08>
<highway08U>0.0</highway08U>
<highwayA08>0</highwayA08>
<highwayA08U>0.0</highwayA08U>
<highwayCD>0.0</highwayCD>
<highwayE>0.0</highwayE>
<highwayUF>0.0</highwayUF>
<hlv>0</hlv>
<hpv>0</hpv>
<id>24922</id>
<lv2>0</lv2>
<lv4>21</lv4>
<make>Honda</make>
<mfrCode/>
<model>Fit</model>
<mpgData>Y</mpgData>
<phevBlended>false</phevBlended>
<pv2>0</pv2>
<pv4>90</pv4>
<rangeA/>
<rangeCityA>0.0</rangeCityA>
<rangeHwyA>0.0</rangeHwyA>
<trans_dscr>2MODE CLKUP</trans_dscr>
<trany>Automatic (S5)</trany>
<UCity>34.3</UCity>
<UCityA>0.0</UCityA>
<UHighway>47.7</UHighway>
<UHighwayA>0.0</UHighwayA>
<VClass>Small Station Wagons</VClass>
<year>2008</year>
<youSaveSpend>2250</youSaveSpend>
<yourMpgVehicle>
<avgMpg>31.230598223</avgMpg>
<cityPercent>47</cityPercent>
<highwayPercent>53</highwayPercent>
<maxMpg>39</maxMpg>
<minMpg>23</minMpg>
<recordCount>30</recordCount>
<vehicleId>24922</vehicleId>
</yourMpgVehicle>
<sCharger/>
<tCharger/>
</vehicle>
<vehicle>
<atvType/>
<barrels08>10.987</barrels08>
<barrelsA08>0.0</barrelsA08>
<charge120>0.0</charge120>
<charge240>0.0</charge240>
<city08>27</city08>
<city08U>0.0</city08U>
<cityA08>0</cityA08>
<cityA08U>0.0</cityA08U>
<cityCD>0.0</cityCD>
<cityE>0.0</cityE>
<cityUF>0.0</cityUF>
<co2>-1</co2>
<co2A>-1</co2A>
<co2TailpipeAGpm>0.0</co2TailpipeAGpm>
<co2TailpipeGpm>296.23333333333335</co2TailpipeGpm>
<comb08>30</comb08>
<comb08U>0.0</comb08U>
<combA08>0</combA08>
<combA08U>0.0</combA08U>
<combE>0.0</combE>
<combinedCD>0.0</combinedCD>
<combinedUF>0.0</combinedUF>
<cylinders>4</cylinders>
<displ>1.5</displ>
<drive>Front-Wheel Drive</drive>
<engId>0</engId>
<eng_dscr/>
<evMotor/>
<feScore>-1</feScore>
<fuelCost08>1650</fuelCost08>
<fuelCostA08>0</fuelCostA08>
<fuelType>Regular</fuelType>
<fuelType1/>
<fuelType2/>
<ghgScore>-1</ghgScore>
<ghgScoreA>-1</ghgScoreA>
<guzzler/>
<highway08>35</highway08>
<highway08U>0.0</highway08U>
<highwayA08>0</highwayA08>
<highwayA08U>0.0</highwayA08U>
<highwayCD>0.0</highwayCD>
<highwayE>0.0</highwayE>
<highwayUF>0.0</highwayUF>
<hlv>21</hlv>
<hpv>90</hpv>
<id>22860</id>
<lv2>0</lv2>
<lv4>0</lv4>
<make>Honda</make>
<mfrCode/>
<model>Fit</model>
<mpgData>Y</mpgData>
<phevBlended>false</phevBlended>
<pv2>0</pv2>
<pv4>0</pv4>
<rangeA/>
<rangeCityA>0.0</rangeCityA>
<rangeHwyA>0.0</rangeHwyA>
<trans_dscr>CLKUP</trans_dscr>
<trany>Automatic 5-spd</trany>
<UCity>34.7</UCity>
<UCityA>0.0</UCityA>
<UHighway>49.3</UHighway>
<UHighwayA>0.0</UHighwayA>
<VClass>Small Station Wagons</VClass>
<year>2007</year>
<youSaveSpend>2500</youSaveSpend>
<yourMpgVehicle>
<avgMpg>32.228613614</avgMpg>
<cityPercent>45</cityPercent>
<highwayPercent>55</highwayPercent>
<maxMpg>48</maxMpg>
<minMpg>20</minMpg>
<recordCount>37</recordCount>
<vehicleId>22860</vehicleId>
</yourMpgVehicle>
<sCharger/>
<tCharger/>
</vehicle>
<vehicle>
<atvType/>
<barrels08>10.613442000000001</barrels08>
<barrelsA08>0.0</barrelsA08>
<charge120>0.0</charge120>
<charge240>0.0</charge240>
<city08>28</city08>
<city08U>0.0</city08U>
<cityA08>0</cityA08>
<cityA08U>0.0</cityA08U>
<cityCD>0.0</cityCD>
<cityE>0.0</cityE>
<cityUF>0.0</cityUF>
<co2>-1</co2>
<co2A>-1</co2A>
<co2TailpipeAGpm>0.0</co2TailpipeAGpm>
<co2TailpipeGpm>286.6774193548387</co2TailpipeGpm>
<comb08>31</comb08>
<comb08U>0.0</comb08U>
<combA08>0</combA08>
<combA08U>0.0</combA08U>
<combE>0.0</combE>
<combinedCD>0.0</combinedCD>
<combinedUF>0.0</combinedUF>
<cylinders>4</cylinders>
<displ>1.5</displ>
<drive>Front-Wheel Drive</drive>
<engId>0</engId>
<eng_dscr/>
<evMotor/>
<feScore>-1</feScore>
<fuelCost08>1600</fuelCost08>
<fuelCostA08>0</fuelCostA08>
<fuelType>Regular</fuelType>
<fuelType1/>
<fuelType2/>
<ghgScore>-1</ghgScore>
<ghgScoreA>-1</ghgScoreA>
<guzzler/>
<highway08>34</highway08>
<highway08U>0.0</highway08U>
<highwayA08>0</highwayA08>
<highwayA08U>0.0</highwayA08U>
<highwayCD>0.0</highwayCD>
<highwayE>0.0</highwayE>
<highwayUF>0.0</highwayUF>
<hlv>21</hlv>
<hpv>90</hpv>
<id>22861</id>
<lv2>0</lv2>
<lv4>0</lv4>
<make>Honda</make>
<mfrCode/>
<model>Fit</model>
<mpgData>Y</mpgData>
<phevBlended>false</phevBlended>
<pv2>0</pv2>
<pv4>0</pv4>
<rangeA/>
<rangeCityA>0.0</rangeCityA>
<rangeHwyA>0.0</rangeHwyA>
<trans_dscr/>
<trany>Manual 5-spd</trany>
<UCity>36.7399</UCity>
<UCityA>0.0</UCityA>
<UHighway>48.2</UHighway>
<UHighwayA>0.0</UHighwayA>
<VClass>Small Station Wagons</VClass>
<year>2007</year>
<youSaveSpend>2750</youSaveSpend>
<yourMpgVehicle>
<avgMpg>35.714439032</avgMpg>
<cityPercent>41</cityPercent>
<highwayPercent>59</highwayPercent>
<maxMpg>42</maxMpg>
<minMpg>28</minMpg>
<recordCount>53</recordCount>
<vehicleId>22861</vehicleId>
</yourMpgVehicle>
<sCharger/>
<tCharger/>
</vehicle>
<vehicle>
<atvType/>
<barrels08>11.360558000000001</barrels08>
<barrelsA08>0.0</barrelsA08>
<charge120>0.0</charge120>
<charge240>0.0</charge240>
<city08>27</city08>
<city08U>0.0</city08U>
<cityA08>0</cityA08>
<cityA08U>0.0</cityA08U>
<cityCD>0.0</cityCD>
<cityE>0.0</cityE>
<cityUF>0.0</cityUF>
<co2>-1</co2>
<co2A>-1</co2A>
<co2TailpipeAGpm>0.0</co2TailpipeAGpm>
<co2TailpipeGpm>306.44827586206895</co2TailpipeGpm>
<comb08>29</comb08>
<comb08U>0.0</comb08U>
<combA08>0</combA08>
<combA08U>0.0</combA08U>
<combE>0.0</combE>
<combinedCD>0.0</combinedCD>
<combinedUF>0.0</combinedUF>
<cylinders>4</cylinders>
<displ>1.5</displ>
<drive>Front-Wheel Drive</drive>
<engId>0</engId>
<eng_dscr/>
<evMotor/>
<feScore>-1</feScore>
<fuelCost08>1700</fuelCost08>
<fuelCostA08>0</fuelCostA08>
<fuelType>Regular</fuelType>
<fuelType1/>
<fuelType2/>
<ghgScore>-1</ghgScore>
<ghgScoreA>-1</ghgScoreA>
<guzzler/>
<highway08>34</highway08>
<highway08U>0.0</highway08U>
<highwayA08>0</highwayA08>
<highwayA08U>0.0</highwayA08U>
<highwayCD>0.0</highwayCD>
<highwayE>0.0</highwayE>
<highwayUF>0.0</highwayUF>
<hlv>21</hlv>
<hpv>90</hpv>
<id>22862</id>
<lv2>0</lv2>
<lv4>0</lv4>
<make>Honda</make>
<mfrCode/>
<model>Fit</model>
<mpgData>Y</mpgData>
<phevBlended>false</phevBlended>
<pv2>0</pv2>
<pv4>0</pv4>
<rangeA/>
<rangeCityA>0.0</rangeCityA>
<rangeHwyA>0.0</rangeHwyA>
<trans_dscr>2MODE CLKUP</trans_dscr>
<trany>Automatic (S5)</trany>
<UCity>34.3</UCity>
<UCityA>0.0</UCityA>
<UHighway>47.7</UHighway>
<UHighwayA>0.0</UHighwayA>
<VClass>Small Station Wagons</VClass>
<year>2007</year>
<youSaveSpend>2250</youSaveSpend>
<yourMpgVehicle>
<avgMpg>29.954789832</avgMpg>
<cityPercent>45</cityPercent>
<highwayPercent>55</highwayPercent>
<maxMpg>41</maxMpg>
<minMpg>20</minMpg>
<recordCount>56</recordCount>
<vehicleId>22862</vehicleId>
</yourMpgVehicle>
<sCharger/>
<tCharger/>
</vehicle>
</vehicles>