<yourMpgDriverVehicles>
<yourMpgDriverVehicle>
<cityPercent>50</cityPercent>
<highwayPercent>50</highwayPercent>
<lastDate>2011-04-10T00:00:00-04:00</lastDate>
<mpg>73.8</mpg>
<state>MI</state>
<vehicleId>26425</vehicleId>
</yourMpgDriverVehicle>
<yourMpgDriverVehicle>
<cityPercent>10</cityPercent>
<highwayPercent>90</highwayPercent>
<lastDate>2011-01-02T00:00:00-05:00</lastDate>
<mpg>62.2</mpg>
<state>FL</state>
<vehicleId>26425</vehicleId>
</yourMpgDriverVehicle>
<yourMpgDriverVehicle>
<cityPercent>60</cityPercent>
<highwayPercent>40</highwayPercent>
<lastDate>2011-05-26T00:00:00-04:00</lastDate>
<mpg>60.886699507</mpg>
<state>TX</state>
<vehicleId>26425</vehicleId>
</yourMpgDriverVehicle>
<yourMpgDriverVehicle>
<cityPercent>60</cityPercent>
<highwayPercent>40</highwayPercent>
<lastDate>2009-07-16T00:00:00-04:00</lastDate>
<mpg>60.3</mpg>
<state>IL</state>
<vehicleId>26425</vehicleId>
</yourMpgDriverVehicle>
<yourMpgDriverVehicle>
<cityPercent>10</cityPercent>
<highwayPercent>90</highwayPercent>
<lastDate>2012-06-06T00:00:00-04:00</lastDate>
<mpg>60.0</mpg>
<state>NJ</state>
<vehicleId>26425</vehicleId>
</yourMpgDriverVehicle>
<yourMpgDriverVehicle>
<cityPercent>20</cityPercent>
<highwayPercent>80</highwayPercent>
<lastDate>2013-05-19T00:00:00-04:00</lastDate>
<mpg>59.9</mpg>
<state>VA</state>
<vehicleId>26425</vehicleId>
</yourMpgDriverVehicle>
<yourMpgDriverVehicle>
<cityPercent>45</cityPercent>
<highwayPercent>55</highwayPercent>
<lastDate>2011-05-23T00:00:00-04:00</lastDate>
<mpg>59.769560768</mpg>
<state>MA</state>
<vehicleId>26425</vehicleId>
</yourMpgDriverVehicle>
<yourMpgDriverVehicle>
<cityPercent>23</cityPercent>
<highwayPercent>78</highwayPercent>
<lastDate>2014-02-02T00:00:00-05:00</lastDate>
<mpg>59.757665272</mpg>
<state>AZ</state>
<vehicleId>26425</vehicleId>
</yourMpgDriverVehicle>
<yourMpgDriverVehicle>
<cityPercent>72</cityPercent>
<highwayPercent>28</highwayPercent>
<lastDate>2014-01-21T00:00:00-05:00</lastDate>
<mpg>59.676710456</mpg>
<state>WA</state>
<vehicleId>26425</vehicleId>
</yourMpgDriverVehicle>
<yourMpgDriverVehicle>
<cityPercent>20</cityPercent>
<highwayPercent>80</highwayPercent>
<lastDate>2009-09-01T00:00:00-04:00</lastDate>
<mpg>59.0</mpg>
<state>ME</state>
<vehicleId>26425</vehicleId>
</yourMpgDriverVehicle>
<yourMpgDriverVehicle>
<cityPercent>60</cityPercent>
<highwayPercent>40</highwayPercent>
<lastDate>2012-02-18T00:00:00-05:00</lastDate>
<mpg>58.843537415</mpg>
<state>CA</state>
<vehicleId>26425</vehicleId>
</yourMpgDriverVehicle>
<yourMpgDriverVehicle>
<cityPercent>20</cityPercent>
<highwayPercent>80</highwayPercent>
<lastDate>2010-08-11T00:00:00-04:00</lastDate>
<mpg>58.568557564</mpg>
<state>CA</state>
<vehicleId>26425</vehicleId>
</yourMpgDriverVehicle>
<yourMpgDriverVehicle>
<cityPercent>80</cityPercent>
<highwayPercent>20</highwayPercent>
<lastDate>2013-05-29T00:00:00-04:00</lastDate>
<mpg>58.42088451</mpg>
<state>MA</state>
<vehicleId>26425</vehicleId>
</yourMpgDriverVehicle>
<yourMpgDriverVehicle>
<cityPercent>50</cityPercent>
<highwayPercent>50</highwayPercent>
<lastDate>2010-09-25T00:00:00-04:00</lastDate>
<mpg>58.3</mpg>
<state>CO</state>
<vehicleId>26425</vehicleId>
</yourMpgDriverVehicle>
<yourMpgDriverVehicle>
<cityPercent>30</cityPercent>
<highwayPercent>70</highwayPercent>
<lastDate>2010-07-30T00:00:00-04:00</lastDate>
<mpg>58.0</mpg>
<state>PA</state>
<vehicleId>26425</vehicleId>
</yourMpgDriverVehicle>
<yourMpgDriverVehicle>
<cityPercent>50</cityPercent>
<highwayPercent>50</highwayPercent>
<lastDate>2009-06-20T00:00:00-04:00</lastDate>
<mpg>58.0</mpg>
<state>OR</state>
<vehicleId>26425</vehicleId>
</yourMpgDriverVehicle>
<yourMpgDriverVehicle>
<cityPercent>60</cityPercent>
<highwayPercent>40</highwayPercent>
<lastDate>2014-01-11T00:00:00-05:00</lastDate>
<mpg>57.647753268</mpg>
<state>IL</state>
<vehicleId>26425</vehicleId>
</yourMpgDriverVehicle>
<yourMpgDriverVehicle>
<cityPercent>70</cityPercent>
<highwayPercent>30</highwayPercent>
<lastDate>2009-08-31T00:00:00-04:00</lastDate>
<mpg>57.5</mpg>
<state>CA</state>
<vehicleId>26425</vehicleId>
</yourMpgDriverVehicle>
<yourMpgDriverVehicle>
<cityPercent>50</cityPercent>
<highwayPercent>50</highwayPercent>
<lastDate>2010-10-15T00:00:00-04:00</lastDate>
<mpg>57.2</mpg>
<state>MI</state>
<vehicleId>26425</vehicleId>
</yourMpgDriverVehicle>
<yourMpgDriverVehicle>
<cityPercent>50</cityPercent>
<highwayPercent>50</highwayPercent>
<lastDate>2013-10-08T00:00:00-04:00</lastDate>
<mpg>57.0</mpg>
<state>IL</state>
<vehicleId>26425</vehicleId>
</yourMpgDriverVehicle>
<yourMpgDriverVehicle>
<cityPercent>30</cityPercent>
<highwayPercent>70</highwayPercent>
<lastDate>2009-07-16T00:00:00-04:00</lastDate>
<mpg>57.0</mpg>
<state>WA</state>
<vehicleId>26425</vehicleId>
</yourMpgDriverVehicle>
<yourMpgDriverVehicle>
<cityPercent>50</cityPercent>
<highwayPercent>50</highwayPercent>
<lastDate>2009-07-16T00:00:00-04:00</lastDate>
<mpg>57.0</mpg>
<state>NY</state>
<vehicleId>26425</vehicleId>
</yourMpgDriverVehicle>
<yourMpgDriverVehicle>
<cityPercent>50</cityPercent>
<highwayPercent>50</highwayPercent>
<lastDate>2009-07-16T00:00:00-04:00</lastDate>
<mpg>57.0</mpg>
<state>CA</state>
<vehicleId>26425</vehicleId>
</yourMpgDriverVehicle>
<yourMpgDriverVehicle>
<cityPercent>58</cityPercent>
<highwayPercent>42</highwayPercent>
<lastDate>2011-02-27T00:00:00-05:00</lastDate>
<mpg>56.512872048</mpg>
<state>CA</state>
<vehicleId>26425</vehicleId>
</yourMpgDriverVehicle>
<yourMpgDriverVehicle>
<cityPercent>30</cityPercent>
<highwayPercent>70</highwayPercent>
<lastDate>2009-07-07T00:00:00-04:00</lastDate>
<mpg>56.5</mpg>
<state>TN</state>
<vehicleId>26425</vehicleId>
</yourMpgDriverVehicle>
<yourMpgDriverVehicle>
<cityPercent>88</cityPercent>
<highwayPercent>12</highwayPercent>
<lastDate>2013-08-18T00:00:00-04:00</lastDate>
<mpg>56.435141445</mpg>
<state>IN</state>
<vehicleId>26425</vehicleId>
</yourMpgDriverVehicle>
<yourMpgDriverVehicle>
<cityPercent>80</cityPercent>
<highwayPercent>20</highwayPercent>
<lastDate>2009-12-03T00:00:00-05:00</lastDate>
<mpg>56.402500667</mpg>
<state>OK</state>
<vehicleId>26425</vehicleId>
</yourMpgDriverVehicle>
<yourMpgDriverVehicle>
<cityPercent>20</cityPercent>
<highwayPercent>80</highwayPercent>
<lastDate>2009-10-01T00:00:00-04:00</lastDate>
<mpg>56.1</mpg>
<state>IL</state>
<vehicleId>26425</vehicleId>
</yourMpgDriverVehicle>
<yourMpgDriverVehicle>
<cityPercent>30</cityPercent>
<highwayPercent>70</highwayPercent>
<lastDate>2013-08-27T00:00:00-04:00</lastDate>
<mpg>56.0</mpg>
<state>MO</state>
<vehicleId>26425</vehicleId>
</yourMpgDriverVehicle>
<yourMpgDriverVehicle>
<cityPercent>60</cityPercent>
<highwayPercent>40</highwayPercent>
<lastDate>2009-08-08T00:00:00-04:00</lastDate>
<mpg>56.0</mpg>
<state>MI</state>
<vehicleId>26425</vehicleId>
</yourMpgDriverVehicle>
<yourMpgDriverVehicle>
<cityPercent>0</cityPercent>
<highwayPercent>0</highwayPercent>
<lastDate>2010-11-19T00:00:00-05:00</lastDate>
<mpg>55.969943628</mpg>
<state>NJ</state>
<vehicleId>26425</vehicleId>
</yourMpgDriverVehicle>
<yourMpgDriverVehicle>
<cityPercent>19</cityPercent>
<highwayPercent>81</highwayPercent>
<lastDate>2014-01-27T00:00:00-05:00</lastDate>
<mpg>55.842390934</mpg>
<state>NY</state>
<vehicleId>26425</vehicleId>
</yourMpgDriverVehicle>
<yourMpgDriverVehicle>
<cityPercent>40</cityPercent>
<highwayPercent>60</highwayPercent>
<lastDate>2013-03-01T00:00:00-05:00</lastDate>
<mpg>55.840688507</mpg>
<state>VA</state>
<vehicleId>26425</vehicleId>
</yourMpgDriverVehicle>
<yourMpgDriverVehicle>
<cityPercent>50</cityPercent>
<highwayPercent>50</highwayPercent>
<lastDate>2011-05-29T00:00:00-04:00</lastDate>
<mpg>55.737208598</mpg>
<state>WI</state>
<vehicleId>26425</vehicleId>
</yourMpgDriverVehicle>
<yourMpgDriverVehicle>
<cityPercent>36</cityPercent>
<highwayPercent>64</highwayPercent>
<lastDate>2009-08-10T00:00:00-04:00</lastDate>
<mpg>55.677878663</mpg>
<state>IN</state>
<vehicleId>26425</vehicleId>
</yourMpgDriverVehicle>
<yourMpgDriverVehicle>
<cityPercent>10</cityPercent>
<highwayPercent>90</highwayPercent>
<lastDate>2010-12-17T00:00:00-05:00</lastDate>
<mpg>55.5</mpg>
<state>CA</state>
<vehicleId>26425</vehicleId>
</yourMpgDriverVehicle>
<yourMpgDriverVehicle>
<cityPercent>30</cityPercent>
<highwayPercent>70</highwayPercent>
<lastDate>2013-09-17T00:00:00-04:00</lastDate>
<mpg>55.485389773</mpg>
<state>MD</state>
<vehicleId>26425</vehicleId>
</yourMpgDriverVehicle>
<yourMpgDriverVehicle>
<cityPercent>50</cityPercent>
<highwayPercent>50</highwayPercent>
<lastDate>2012-03-27T00:00:00-04:00</lastDate>
<mpg>55.0</mpg>
<state>IL</state>
<vehicleId>26425</vehicleId>
</yourMpgDriverVehicle>
<yourMpgDriverVehicle>
<cityPercent>10</cityPercent>
<highwayPercent>90</highwayPercent>
<lastDate>2011-12-18T00:00:00-05:00</lastDate>
<mpg>55.0</mpg>
<state>IL</state>
<vehicleId>26425</vehicleId>
</yourMpgDriverVehicle>
<yourMpgDriverVehicle>
<cityPercent>40</cityPercent>
<highwayPercent>60</highwayPercent>
<lastDate>2009-07-24T00:00:00-04:00</lastDate>
<mpg>55.0</mpg>
<state>FL</state>
<vehicleId>26425</vehicleId>
</yourMpgDriverVehicle>
<yourMpgDriverVehicle>
<cityPercent>0</cityPercent>
<highwayPercent>0</highwayPercent>
<lastDate>2011-07-18T00:00:00-04:00</lastDate>
<mpg>54.929180021</mpg>
<state>NJ</state>
<vehicleId>26425</vehicleId>
</yourMpgDriverVehicle>
<yourMpgDriverVehicle>
<cityPercent>40</cityPercent>
<highwayPercent>60</highwayPercent>
<lastDate>2010-10-11T00:00:00-04:00</lastDate>
<mpg>54.901224367</mpg>
<state>UT</state>
<vehicleId>26425</vehicleId>
</yourMpgDriverVehicle>
<yourMpgDriverVehicle>
<cityPercent>60</cityPercent>
<highwayPercent>40</highwayPercent>
<lastDate>2011-03-22T00:00:00-04:00</lastDate>
<mpg>54.9</mpg>
<state>IA</state>
<vehicleId>26425</vehicleId>
</yourMpgDriverVehicle>
<yourMpgDriverVehicle>
<cityPercent>33</cityPercent>
<highwayPercent>67</highwayPercent>
<lastDate>2009-08-19T00:00:00-04:00</lastDate>
<mpg>54.319558324</mpg>
<state>IL</state>
<vehicleId>26425</vehicleId>
</yourMpgDriverVehicle>
<yourMpgDriverVehicle>
<cityPercent>50</cityPercent>
<highwayPercent>50</highwayPercent>
<lastDate>2013-08-21T00:00:00-04:00</lastDate>
<mpg>54.0</mpg>
<state>WI</state>
<vehicleId>26425</vehicleId>
</yourMpgDriverVehicle>
<yourMpgDriverVehicle>
<cityPercent>20</cityPercent>
<highwayPercent>80</highwayPercent>
<lastDate>2011-03-31T00:00:00-04:00</lastDate>
<mpg>54.0</mpg>
<state>AZ</state>
<vehicleId>26425</vehicleId>
</yourMpgDriverVehicle>
<yourMpgDriverVehicle>
<cityPercent>0</cityPercent>
<highwayPercent>0</highwayPercent>
<lastDate>2011-03-16T00:00:00-04:00</lastDate>
<mpg>53.878672585</mpg>
<state>FL</state>
<vehicleId>26425</vehicleId>
</yourMpgDriverVehicle>
<yourMpgDriverVehicle>
<cityPercent>61</cityPercent>
<highwayPercent>39</highwayPercent>
<lastDate>2014-01-25T00:00:00-05:00</lastDate>
<mpg>53.679254786</mpg>
<state>TX</state>
<vehicleId>26425</vehicleId>
</yourMpgDriverVehicle>
<yourMpgDriverVehicle>
<cityPercent>60</cityPercent>
<highwayPercent>40</highwayPercent>
<lastDate>2011-04-14T00:00:00-04:00</lastDate>
<mpg>53.5</mpg>
<state>MD</state>
<vehicleId>26425</vehicleId>
</yourMpgDriverVehicle>
<yourMpgDriverVehicle>
<cityPercent>40</cityPercent>
<highwayPercent>60</highwayPercent>
<lastDate>2011-06-14T00:00:00-04:00</lastDate>
<mpg>53.2</mpg>
<state>ID</state>
<vehicleId>26425</vehicleId>
</yourMpgDriverVehicle>
<yourMpgDriverVehicle>
<cityPercent>30</cityPercent>
<highwayPercent>70</highwayPercent>
<lastDate>2011-05-28T00:00:00-04:00</lastDate>
<mpg>53.1</mpg>
<state>CA</state>
<vehicleId>26425</vehicleId>
</yourMpgDriverVehicle>
<yourMpgDriverVehicle>
<cityPercent>60</cityPercent>
<highwayPercent>40</highwayPercent>
<lastDate>2010-06-16T00:00:00-04:00</lastDate>
<mpg>53.0</mpg>
<state>IL</state>
<vehicleId>26425</vehicleId>
</yourMpgDriverVehicle>
<yourMpgDriverVehicle>
<cityPercent>20</cityPercent>
<highwayPercent>80</highwayPercent>
<lastDate>2012-04-12T00:00:00-04:00</lastDate>
<mpg>53.0</mpg>
<state>CT</state>
<vehicleId>26425</vehicleId>
</yourMpgDriverVehicle>
<yourMpgDriverVehicle>
<cityPercent>30</cityPercent>
<highwayPercent>70</highwayPercent>
<lastDate>2012-12-06T00:00:00-05:00</lastDate>
<mpg>52.7</mpg>
<state>MD</state>
<vehicleId>26425</vehicleId>
</yourMpgDriverVehicle>
<yourMpgDriverVehicle>
<cityPercent>30</cityPercent>
<highwayPercent>70</highwayPercent>
<lastDate>2013-03-17T00:00:00-04:00</lastDate>
<mpg>52.7</mpg>
<state>CA</state>
<vehicleId>26425</vehicleId>
</yourMpgDriverVehicle>
<yourMpgDriverVehicle>
<cityPercent>60</cityPercent>
<highwayPercent>40</highwayPercent>
<lastDate>2012-06-11T00:00:00-04:00</lastDate>
<mpg>52.5</mpg>
<vehicleId>26425</vehicleId>
</yourMpgDriverVehicle>
<yourMpgDriverVehicle>
<cityPercent>63</cityPercent>
<highwayPercent>38</highwayPercent>
<lastDate>2009-12-08T00:00:00-05:00</lastDate>
<mpg>52.480341714</mpg>
<state>NY</state>
<vehicleId>26425</vehicleId>
</yourMpgDriverVehicle>
<yourMpgDriverVehicle>
<cityPercent>50</cityPercent>
<highwayPercent>50</highwayPercent>
<lastDate>2012-07-10T00:00:00-04:00</lastDate>
<mpg>52.403796016</mpg>
<state>AL</state>
<vehicleId>26425</vehicleId>
</yourMpgDriverVehicle>
<yourMpgDriverVehicle>
<cityPercent>50</cityPercent>
<highwayPercent>50</highwayPercent>
<lastDate>2010-05-24T00:00:00-04:00</lastDate>
<mpg>52.3</mpg>
<state>CA</state>
<vehicleId>26425</vehicleId>
</yourMpgDriverVehicle>
<yourMpgDriverVehicle>
<cityPercent>64</cityPercent>
<highwayPercent>36</highwayPercent>
<lastDate>2013-12-06T00:00:00-05:00</lastDate>
<mpg>52.206063799</mpg>
<state>OR</state>
<vehicleId>26425</vehicleId>
</yourMpgDriverVehicle>
<yourMpgDriverVehicle>
<cityPercent>30</cityPercent>
<highwayPercent>70</highwayPercent>
<lastDate>2009-08-03T00:00:00-04:00</lastDate>
<mpg>52.2</mpg>
<vehicleId>26425</vehicleId>
</yourMpgDriverVehicle>
<yourMpgDriverVehicle>
<cityPercent>0</cityPercent>
<highwayPercent>0</highwayPercent>
<lastDate>2010-08-26T00:00:00-04:00</lastDate>
<mpg>52.027469079</mpg>
<state>NJ</state>
<vehicleId>26425</vehicleId>
</yourMpgDriverVehicle>
<yourMpgDriverVehicle>
<cityPercent>38</cityPercent>
<highwayPercent>62</highwayPercent>
<lastDate>2009-11-04T00:00:00-05:00</lastDate>
<mpg>52.011799787</mpg>
<state>NY</state>
<vehicleId>26425</vehicleId>
</yourMpgDriverVehicle>
<yourMpgDriverVehicle>
<cityPercent>80</cityPercent>
<highwayPercent>20</highwayPercent>
<lastDate>2009-08-27T00:00:00-04:00</lastDate>
<mpg>52.003514938</mpg>
<state>PA</state>
<vehicleId>26425</vehicleId>
</yourMpgDriverVehicle>
<yourMpgDriverVehicle>
<cityPercent>50</cityPercent>
<highwayPercent>50</highwayPercent>
<lastDate>2012-03-13T00:00:00-04:00</lastDate>
<mpg>52.0</mpg>
<state>NY</state>
<vehicleId>26425</vehicleId>
</yourMpgDriverVehicle>
<yourMpgDriverVehicle>
<cityPercent>0</cityPercent>
<highwayPercent>0</highwayPercent>
<lastDate>2011-03-04T00:00:00-05:00</lastDate>
<mpg>52.0</mpg>
<state>IN</state>
<vehicleId>26425</vehicleId>
</yourMpgDriverVehicle>
<yourMpgDriverVehicle>
<cityPercent>80</cityPercent>
<highwayPercent>20</highwayPercent>
<lastDate>2010-05-27T00:00:00-04:00</lastDate>
<mpg>52.0</mpg>
<state>IL</state>
<vehicleId>26425</vehicleId>
</yourMpgDriverVehicle>
<yourMpgDriverVehicle>
<cityPercent>70</cityPercent>
<highwayPercent>30</highwayPercent>
<lastDate>2012-09-05T00:00:00-04:00</lastDate>
<mpg>51.760922054</mpg>
<state>NY</state>
<vehicleId>26425</vehicleId>
</yourMpgDriverVehicle>
<yourMpgDriverVehicle>
<cityPercent>55</cityPercent>
<highwayPercent>45</highwayPercent>
<lastDate>2009-09-01T00:00:00-04:00</lastDate>
<mpg>51.705477778</mpg>
<state>TN</state>
<vehicleId>26425</vehicleId>
</yourMpgDriverVehicle>
<yourMpgDriverVehicle>
<cityPercent>50</cityPercent>
<highwayPercent>50</highwayPercent>
<lastDate>2011-12-07T00:00:00-05:00</lastDate>
<mpg>51.614555166</mpg>
<state>MD</state>
<vehicleId>26425</vehicleId>
</yourMpgDriverVehicle>
<yourMpgDriverVehicle>
<cityPercent>23</cityPercent>
<highwayPercent>77</highwayPercent>
<lastDate>2013-12-05T00:00:00-05:00</lastDate>
<mpg>51.528626365</mpg>
<state>MI</state>
<vehicleId>26425</vehicleId>
</yourMpgDriverVehicle>
<yourMpgDriverVehicle>
<cityPercent>30</cityPercent>
<highwayPercent>70</highwayPercent>
<lastDate>2011-09-23T00:00:00-04:00</lastDate>
<mpg>51.5</mpg>
<state>NY</state>
<vehicleId>26425</vehicleId>
</yourMpgDriverVehicle>
<yourMpgDriverVehicle>
<cityPercent>40</cityPercent>
<highwayPercent>60</highwayPercent>
<lastDate>2011-04-26T00:00:00-04:00</lastDate>
<mpg>51.460487927</mpg>
<state>FL</state>
<vehicleId>26425</vehicleId>
</yourMpgDriverVehicle>
<yourMpgDriverVehicle>
<cityPercent>47</cityPercent>
<highwayPercent>53</highwayPercent>
<lastDate>2013-04-17T00:00:00-04:00</lastDate>
<mpg>51.441674173</mpg>
<state>SC</state>
<vehicleId>26425</vehicleId>
</yourMpgDriverVehicle>
<yourMpgDriverVehicle>
<cityPercent>0</cityPercent>
<highwayPercent>0</highwayPercent>
<lastDate>2010-10-17T00:00:00-04:00</lastDate>
<mpg>51.4</mpg>
<state>CA</state>
<vehicleId>26425</vehicleId>
</yourMpgDriverVehicle>
<yourMpgDriverVehicle>
<cityPercent>65</cityPercent>
<highwayPercent>35</highwayPercent>
<lastDate>2009-08-27T00:00:00-04:00</lastDate>
<mpg>51.371984436</mpg>
<state>FL</state>
<vehicleId>26425</vehicleId>
</yourMpgDriverVehicle>
<yourMpgDriverVehicle>
<cityPercent>20</cityPercent>
<highwayPercent>80</highwayPercent>
<lastDate>2013-08-15T00:00:00-04:00</lastDate>
<mpg>51.142180701</mpg>
<vehicleId>26425</vehicleId>
</yourMpgDriverVehicle>
<yourMpgDriverVehicle>
<cityPercent>40</cityPercent>
<highwayPercent>60</highwayPercent>
<lastDate>2011-12-05T00:00:00-05:00</lastDate>
<mpg>51.1</mpg>
<state>CO</state>
<vehicleId>26425</vehicleId>
</yourMpgDriverVehicle>
<yourMpgDriverVehicle>
<cityPercent>60</cityPercent>
<highwayPercent>40</highwayPercent>
<lastDate>2011-05-25T00:00:00-04:00</lastDate>
<mpg>51.1</mpg>
<state>OH</state>
<vehicleId>26425</vehicleId>
</yourMpgDriverVehicle>
<yourMpgDriverVehicle>
<cityPercent>30</cityPercent>
<highwayPercent>70</highwayPercent>
<lastDate>2012-09-19T00:00:00-04:00</lastDate>
<mpg>51.0</mpg>
<state>OH</state>
<vehicleId>26425</vehicleId>
</yourMpgDriverVehicle>
<yourMpgDriverVehicle>
<cityPercent>50</cityPercent>
<highwayPercent>50</highwayPercent>
<lastDate>2014-01-30T00:00:00-05:00</lastDate>
<mpg>50.951180484</mpg>
<state>AZ</state>
<vehicleId>26425</vehicleId>
</yourMpgDriverVehicle>
<yourMpgDriverVehicle>
<cityPercent>21</cityPercent>
<highwayPercent>79</highwayPercent>
<lastDate>2010-09-01T00:00:00-04:00</lastDate>
<mpg>50.886892529</mpg>
<state>DC</state>
<vehicleId>26425</vehicleId>
</yourMpgDriverVehicle>
<yourMpgDriverVehicle>
<cityPercent>50</cityPercent>
<highwayPercent>50</highwayPercent>
<lastDate>2012-05-26T00:00:00-04:00</lastDate>
<mpg>50.7</mpg>
<state>UT</state>
<vehicleId>26425</vehicleId>
</yourMpgDriverVehicle>
<yourMpgDriverVehicle>
<cityPercent>25</cityPercent>
<highwayPercent>75</highwayPercent>
<lastDate>2010-10-02T00:00:00-04:00</lastDate>
<mpg>50.693783232</mpg>
<state>PA</state>
<vehicleId>26425</vehicleId>
</yourMpgDriverVehicle>
<yourMpgDriverVehicle>
<cityPercent>44</cityPercent>
<highwayPercent>56</highwayPercent>
<lastDate>2012-11-29T00:00:00-05:00</lastDate>
<mpg>50.654259959</mpg>
<state>WI</state>
<vehicleId>26425</vehicleId>
</yourMpgDriverVehicle>
<yourMpgDriverVehicle>
<cityPercent>40</cityPercent>
<highwayPercent>60</highwayPercent>
<lastDate>2013-09-16T00:00:00-04:00</lastDate>
<mpg>50.6</mpg>
<state>CA</state>
<vehicleId>26425</vehicleId>
</yourMpgDriverVehicle>
<yourMpgDriverVehicle>
<cityPercent>70</cityPercent>
<highwayPercent>30</highwayPercent>
<lastDate>2013-05-07T00:00:00-04:00</lastDate>
<mpg>50.6</mpg>
<state>CA</state>
<vehicleId>26425</vehicleId>
</yourMpgDriverVehicle>
<yourMpgDriverVehicle>
<cityPercent>0</cityPercent>
<highwayPercent>0</highwayPercent>
<lastDate>2009-11-22T00:00:00-05:00</lastDate>
<mpg>50.577528876</mpg>
<state>WI</state>
<vehicleId>26425</vehicleId>
</yourMpgDriverVehicle>
<yourMpgDriverVehicle>
<cityPercent>46</cityPercent>
<highwayPercent>54</highwayPercent>
<lastDate>2014-01-23T00:00:00-05:00</lastDate>
<mpg>50.574199977</mpg>
<state>NM</state>
<vehicleId>26425</vehicleId>
</yourMpgDriverVehicle>
<yourMpgDriverVehicle>
<cityPercent>60</cityPercent>
<highwayPercent>40</highwayPercent>
<lastDate>2009-07-24T00:00:00-04:00</lastDate>
<mpg>50.5</mpg>
<state>NC</state>
<vehicleId>26425</vehicleId>
</yourMpgDriverVehicle>
<yourMpgDriverVehicle>
<cityPercent>50</cityPercent>
<highwayPercent>50</highwayPercent>
<lastDate>2012-06-07T00:00:00-04:00</lastDate>
<mpg>50.407973604</mpg>
<state>TN</state>
<vehicleId>26425</vehicleId>
</yourMpgDriverVehicle>
<yourMpgDriverVehicle>
<cityPercent>13</cityPercent>
<highwayPercent>88</highwayPercent>
<lastDate>2009-09-21T00:00:00-04:00</lastDate>
<mpg>50.27119529</mpg>
<state>CA</state>
<vehicleId>26425</vehicleId>
</yourMpgDriverVehicle>
<yourMpgDriverVehicle>
<cityPercent>40</cityPercent>
<highwayPercent>60</highwayPercent>
<lastDate>2011-10-02T00:00:00-04:00</lastDate>
<mpg>50.204728882</mpg>
<state>PA</state>
<vehicleId>26425</vehicleId>
</yourMpgDriverVehicle>
<yourMpgDriverVehicle>
<cityPercent>10</cityPercent>
<highwayPercent>90</highwayPercent>
<lastDate>2011-04-25T00:00:00-04:00</lastDate>
<mpg>50.175896414</mpg>
<state>NY</state>
<vehicleId>26425</vehicleId>
</yourMpgDriverVehicle>
<yourMpgDriverVehicle>
<cityPercent>50</cityPercent>
<highwayPercent>50</highwayPercent>
<lastDate>2009-08-18T00:00:00-04:00</lastDate>
<mpg>50.0</mpg>
<state>AZ</state>
<vehicleId>26425</vehicleId>
</yourMpgDriverVehicle>
<yourMpgDriverVehicle>
<cityPercent>30</cityPercent>
<highwayPercent>70</highwayPercent>
<lastDate>2012-07-29T00:00:00-04:00</lastDate>
<mpg>50.0</mpg>
<state>NC</state>
<vehicleId>26425</vehicleId>
</yourMpgDriverVehicle>
<yourMpgDriverVehicle>
<cityPercent>43</cityPercent>
<highwayPercent>57</highwayPercent>
<lastDate>2012-12-21T00:00:00-05:00</lastDate>
<mpg>49.88932239</mpg>
<state>TX</state>
<vehicleId>26425</vehicleId>
</yourMpgDriverVehicle>
<yourMpgDriverVehicle>
<cityPercent>80</cityPercent>
<highwayPercent>20</highwayPercent>
<lastDate>2013-12-05T00:00:00-05:00</lastDate>
<mpg>49.861329758</mpg>
<state>HI</state>
<vehicleId>26425</vehicleId>
</yourMpgDriverVehicle>
<yourMpgDriverVehicle>
<cityPercent>30</cityPercent>
<highwayPercent>70</highwayPercent>
<lastDate>2009-11-04T00:00:00-05:00</lastDate>
<mpg>49.5</mpg>
<state>NC</state>
<vehicleId>26425</vehicleId>
</yourMpgDriverVehicle>
<yourMpgDriverVehicle>
<cityPercent>44</cityPercent>
<highwayPercent>56</highwayPercent>
<lastDate>2012-06-17T00:00:00-04:00</lastDate>
<mpg>49.437383787</mpg>
<state>MO</state>
<vehicleId>26425</vehicleId>
</yourMpgDriverVehicle>
<yourMpgDriverVehicle>
<cityPercent>60</cityPercent>
<highwayPercent>40</highwayPercent>
<lastDate>2009-07-11T00:00:00-04:00</lastDate>
<mpg>49.3</mpg>
<state>OR</state>
<vehicleId>26425</vehicleId>
</yourMpgDriverVehicle>
<yourMpgDriverVehicle>
<cityPercent>47</cityPercent>
<highwayPercent>53</highwayPercent>
<lastDate>2011-02-07T00:00:00-05:00</lastDate>
<mpg>49.155930839</mpg>
<vehicleId>26425</vehicleId>
</yourMpgDriverVehicle>
<yourMpgDriverVehicle>
<cityPercent>46</cityPercent>
<highwayPercent>54</highwayPercent>
<lastDate>2012-03-07T00:00:00-05:00</lastDate>
<mpg>49.012120656</mpg>
<state>FL</state>
<vehicleId>26425</vehicleId>
</yourMpgDriverVehicle>
<yourMpgDriverVehicle>
<cityPercent>96</cityPercent>
<highwayPercent>4</highwayPercent>
<lastDate>2010-05-30T00:00:00-04:00</lastDate>
<mpg>49.008578259</mpg>
<state>KY</state>
<vehicleId>26425</vehicleId>
</yourMpgDriverVehicle>
<yourMpgDriverVehicle>
<cityPercent>10</cityPercent>
<highwayPercent>90</highwayPercent>
<lastDate>2010-03-07T00:00:00-05:00</lastDate>
<mpg>49.0</mpg>
<state>CO</state>
<vehicleId>26425</vehicleId>
</yourMpgDriverVehicle>
<yourMpgDriverVehicle>
<cityPercent>30</cityPercent>
<highwayPercent>70</highwayPercent>
<lastDate>2009-08-06T00:00:00-04:00</lastDate>
<mpg>49.0</mpg>
<vehicleId>26425</vehicleId>
</yourMpgDriverVehicle>
<yourMpgDriverVehicle>
<cityPercent>30</cityPercent>
<highwayPercent>70</highwayPercent>
<lastDate>2010-08-25T00:00:00-04:00</lastDate>
<mpg>48.980545701</mpg>
<state>VT</state>
<vehicleId>26425</vehicleId>
</yourMpgDriverVehicle>
<yourMpgDriverVehicle>
<cityPercent>25</cityPercent>
<highwayPercent>75</highwayPercent>
<lastDate>2009-11-05T00:00:00-05:00</lastDate>
<mpg>48.911615852</mpg>
<state>OH</state>
<vehicleId>26425</vehicleId>
</yourMpgDriverVehicle>
<yourMpgDriverVehicle>
<cityPercent>20</cityPercent>
<highwayPercent>80</highwayPercent>
<lastDate>2011-09-16T00:00:00-04:00</lastDate>
<mpg>48.749715845</mpg>
<state>CA</state>
<vehicleId>26425</vehicleId>
</yourMpgDriverVehicle>
<yourMpgDriverVehicle>
<cityPercent>10</cityPercent>
<highwayPercent>90</highwayPercent>
<lastDate>2010-09-06T00:00:00-04:00</lastDate>
<mpg>48.727390403</mpg>
<state>CA</state>
<vehicleId>26425</vehicleId>
</yourMpgDriverVehicle>
<yourMpgDriverVehicle>
<cityPercent>60</cityPercent>
<highwayPercent>40</highwayPercent>
<lastDate>2009-08-01T00:00:00-04:00</lastDate>
<mpg>48.6</mpg>
<state>MO</state>
<vehicleId>26425</vehicleId>
</yourMpgDriverVehicle>
<yourMpgDriverVehicle>
<cityPercent>0</cityPercent>
<highwayPercent>0</highwayPercent>
<lastDate>2012-11-29T00:00:00-05:00</lastDate>
<mpg>48.486063072</mpg>
<state>MI</state>
<vehicleId>26425</vehicleId>
</yourMpgDriverVehicle>
<yourMpgDriverVehicle>
<cityPercent>0</cityPercent>
<highwayPercent>0</highwayPercent>
<lastDate>2009-12-22T00:00:00-05:00</lastDate>
<mpg>48.456140351</mpg>
<state>KY</state>
<vehicleId>26425</vehicleId>
</yourMpgDriverVehicle>
<yourMpgDriverVehicle>
<cityPercent>90</cityPercent>
<highwayPercent>10</highwayPercent>
<lastDate>2011-07-04T00:00:00-04:00</lastDate>
<mpg>48.348581773</mpg>
<state>FL</state>
<vehicleId>26425</vehicleId>
</yourMpgDriverVehicle>
<yourMpgDriverVehicle>
<cityPercent>44</cityPercent>
<highwayPercent>56</highwayPercent>
<lastDate>2014-01-21T00:00:00-05:00</lastDate>
<mpg>48.320642309</mpg>
<state>IL</state>
<vehicleId>26425</vehicleId>
</yourMpgDriverVehicle>
<yourMpgDriverVehicle>
<cityPercent>60</cityPercent>
<highwayPercent>40</highwayPercent>
<lastDate>2009-08-16T00:00:00-04:00</lastDate>
<mpg>48.295117025</mpg>
<state>RI</state>
<vehicleId>26425</vehicleId>
</yourMpgDriverVehicle>
<yourMpgDriverVehicle>
<cityPercent>30</cityPercent>
<highwayPercent>70</highwayPercent>
<lastDate>2013-06-01T00:00:00-04:00</lastDate>
<mpg>48.2</mpg>
<state>NC</state>
<vehicleId>26425</vehicleId>
</yourMpgDriverVehicle>
<yourMpgDriverVehicle>
<cityPercent>58</cityPercent>
<highwayPercent>42</highwayPercent>
<lastDate>2010-08-27T00:00:00-04:00</lastDate>
<mpg>48.081895788</mpg>
<state>FL</state>
<vehicleId>26425</vehicleId>
</yourMpgDriverVehicle>
<yourMpgDriverVehicle>
<cityPercent>20</cityPercent>
<highwayPercent>80</highwayPercent>
<lastDate>2010-02-18T00:00:00-05:00</lastDate>
<mpg>48.0</mpg>
<state>CA</state>
<vehicleId>26425</vehicleId>
</yourMpgDriverVehicle>
<yourMpgDriverVehicle>
<cityPercent>60</cityPercent>
<highwayPercent>40</highwayPercent>
<lastDate>2012-04-07T00:00:00-04:00</lastDate>
<mpg>48.0</mpg>
<state>MI</state>
<vehicleId>26425</vehicleId>
</yourMpgDriverVehicle>
<yourMpgDriverVehicle>
<cityPercent>0</cityPercent>
<highwayPercent>0</highwayPercent>
<lastDate>2012-03-25T00:00:00-04:00</lastDate>
<mpg>47.952778578</mpg>
<state>LA</state>
<vehicleId>26425</vehicleId>
</yourMpgDriverVehicle>
<yourMpgDriverVehicle>
<cityPercent>39</cityPercent>
<highwayPercent>61</highwayPercent>
<lastDate>2011-10-12T00:00:00-04:00</lastDate>
<mpg>47.702402191</mpg>
<state>VA</state>
<vehicleId>26425</vehicleId>
</yourMpgDriverVehicle>
<yourMpgDriverVehicle>
<cityPercent>35</cityPercent>
<highwayPercent>65</highwayPercent>
<lastDate>2012-04-17T00:00:00-04:00</lastDate>
<mpg>47.692209206</mpg>
<state>TN</state>
<vehicleId>26425</vehicleId>
</yourMpgDriverVehicle>
<yourMpgDriverVehicle>
<cityPercent>30</cityPercent>
<highwayPercent>70</highwayPercent>
<lastDate>2011-04-02T00:00:00-04:00</lastDate>
<mpg>47.6</mpg>
<state>WI</state>
<vehicleId>26425</vehicleId>
</yourMpgDriverVehicle>
<yourMpgDriverVehicle>
<cityPercent>98</cityPercent>
<highwayPercent>2</highwayPercent>
<lastDate>2010-02-05T00:00:00-05:00</lastDate>
<mpg>47.431045087</mpg>
<state>VA</state>
<vehicleId>26425</vehicleId>
</yourMpgDriverVehicle>
<yourMpgDriverVehicle>
<cityPercent>50</cityPercent>
<highwayPercent>50</highwayPercent>
<lastDate>2011-05-25T00:00:00-04:00</lastDate>
<mpg>47.381637778</mpg>
<state>TX</state>
<vehicleId>26425</vehicleId>
</yourMpgDriverVehicle>
<yourMpgDriverVehicle>
<cityPercent>32</cityPercent>
<highwayPercent>68</highwayPercent>
<lastDate>2010-04-23T00:00:00-04:00</lastDate>
<mpg>47.293936129</mpg>
<state>MI</state>
<vehicleId>26425</vehicleId>
</yourMpgDriverVehicle>
<yourMpgDriverVehicle>
<cityPercent>20</cityPercent>
<highwayPercent>80</highwayPercent>
<lastDate>2011-06-19T00:00:00-04:00</lastDate>
<mpg>47.236763786</mpg>
<state>FL</state>
<vehicleId>26425</vehicleId>
</yourMpgDriverVehicle>
<yourMpgDriverVehicle>
<cityPercent>39</cityPercent>
<highwayPercent>61</highwayPercent>
<lastDate>2013-08-23T00:00:00-04:00</lastDate>
<mpg>47.206972107</mpg>
<state>MD</state>
<vehicleId>26425</vehicleId>
</yourMpgDriverVehicle>
<yourMpgDriverVehicle>
<cityPercent>41</cityPercent>
<highwayPercent>59</highwayPercent>
<lastDate>2012-03-27T00:00:00-04:00</lastDate>
<mpg>47.082680976</mpg>
<state>CA</state>
<vehicleId>26425</vehicleId>
</yourMpgDriverVehicle>
<yourMpgDriverVehicle>
<cityPercent>0</cityPercent>
<highwayPercent>0</highwayPercent>
<lastDate>2012-09-06T00:00:00-04:00</lastDate>
<mpg>47.076240586</mpg>
<state>AR</state>
<vehicleId>26425</vehicleId>
</yourMpgDriverVehicle>
<yourMpgDriverVehicle>
<cityPercent>40</cityPercent>
<highwayPercent>60</highwayPercent>
<lastDate>2012-09-04T00:00:00-04:00</lastDate>
<mpg>47.039512252</mpg>
<state>AZ</state>
<vehicleId>26425</vehicleId>
</yourMpgDriverVehicle>
<yourMpgDriverVehicle>
<cityPercent>0</cityPercent>
<highwayPercent>0</highwayPercent>
<lastDate>2014-02-02T00:00:00-05:00</lastDate>
<mpg>47.032169891</mpg>
<state>NY</state>
<vehicleId>26425</vehicleId>
</yourMpgDriverVehicle>
<yourMpgDriverVehicle>
<cityPercent>53</cityPercent>
<highwayPercent>47</highwayPercent>
<lastDate>2011-01-24T00:00:00-05:00</lastDate>
<mpg>47.030379481</mpg>
<state>CA</state>
<vehicleId>26425</vehicleId>
</yourMpgDriverVehicle>
<yourMpgDriverVehicle>
<cityPercent>40</cityPercent>
<highwayPercent>60</highwayPercent>
<lastDate>2013-08-03T00:00:00-04:00</lastDate>
<mpg>47.0</mpg>
<state>TX</state>
<vehicleId>26425</vehicleId>
</yourMpgDriverVehicle>
<yourMpgDriverVehicle>
<cityPercent>14</cityPercent>
<highwayPercent>86</highwayPercent>
<lastDate>2013-05-16T00:00:00-04:00</lastDate>
<mpg>46.954953057</mpg>
<state>CT</state>
<vehicleId>26425</vehicleId>
</yourMpgDriverVehicle>
<yourMpgDriverVehicle>
<cityPercent>23</cityPercent>
<highwayPercent>77</highwayPercent>
<lastDate>2010-06-09T00:00:00-04:00</lastDate>
<mpg>46.895950794</mpg>
<state>NJ</state>
<vehicleId>26425</vehicleId>
</yourMpgDriverVehicle>
<yourMpgDriverVehicle>
<cityPercent>83</cityPercent>
<highwayPercent>17</highwayPercent>
<lastDate>2013-05-22T00:00:00-04:00</lastDate>
<mpg>46.726642344</mpg>
<state>TN</state>
<vehicleId>26425</vehicleId>
</yourMpgDriverVehicle>
<yourMpgDriverVehicle>
<cityPercent>40</cityPercent>
<highwayPercent>60</highwayPercent>
<lastDate>2011-03-06T00:00:00-05:00</lastDate>
<mpg>46.696768061</mpg>
<state>PA</state>
<vehicleId>26425</vehicleId>
</yourMpgDriverVehicle>
<yourMpgDriverVehicle>
<cityPercent>45</cityPercent>
<highwayPercent>55</highwayPercent>
<lastDate>2013-07-08T00:00:00-04:00</lastDate>
<mpg>46.643979455</mpg>
<state>MD</state>
<vehicleId>26425</vehicleId>
</yourMpgDriverVehicle>
<yourMpgDriverVehicle>
<cityPercent>60</cityPercent>
<highwayPercent>40</highwayPercent>
<lastDate>2013-07-29T00:00:00-04:00</lastDate>
<mpg>46.599785408</mpg>
<state>TX</state>
<vehicleId>26425</vehicleId>
</yourMpgDriverVehicle>
<yourMpgDriverVehicle>
<cityPercent>50</cityPercent>
<highwayPercent>50</highwayPercent>
<lastDate>2011-02-16T00:00:00-05:00</lastDate>
<mpg>46.513541396</mpg>
<state>TX</state>
<vehicleId>26425</vehicleId>
</yourMpgDriverVehicle>
<yourMpgDriverVehicle>
<cityPercent>80</cityPercent>
<highwayPercent>20</highwayPercent>
<lastDate>2009-11-25T00:00:00-05:00</lastDate>
<mpg>46.5</mpg>
<state>NJ</state>
<vehicleId>26425</vehicleId>
</yourMpgDriverVehicle>
<yourMpgDriverVehicle>
<cityPercent>0</cityPercent>
<highwayPercent>0</highwayPercent>
<lastDate>2011-06-01T00:00:00-04:00</lastDate>
<mpg>46.364579825</mpg>
<state>MO</state>
<vehicleId>26425</vehicleId>
</yourMpgDriverVehicle>
<yourMpgDriverVehicle>
<cityPercent>30</cityPercent>
<highwayPercent>70</highwayPercent>
<lastDate>2011-04-21T00:00:00-04:00</lastDate>
<mpg>46.340027622</mpg>
<state>SC</state>
<vehicleId>26425</vehicleId>
</yourMpgDriverVehicle>
<yourMpgDriverVehicle>
<cityPercent>60</cityPercent>
<highwayPercent>40</highwayPercent>
<lastDate>2010-03-07T00:00:00-05:00</lastDate>
<mpg>46.334118489</mpg>
<state>CA</state>
<vehicleId>26425</vehicleId>
</yourMpgDriverVehicle>
<yourMpgDriverVehicle>
<cityPercent>50</cityPercent>
<highwayPercent>50</highwayPercent>
<lastDate>2009-08-07T00:00:00-04:00</lastDate>
<mpg>46.309696093</mpg>
<state>CA</state>
<vehicleId>26425</vehicleId>
</yourMpgDriverVehicle>
<yourMpgDriverVehicle>
<cityPercent>50</cityPercent>
<highwayPercent>50</highwayPercent>
<lastDate>2011-03-16T00:00:00-04:00</lastDate>
<mpg>46.296245282</mpg>
<state>VA</state>
<vehicleId>26425</vehicleId>
</yourMpgDriverVehicle>
<yourMpgDriverVehicle>
<cityPercent>80</cityPercent>
<highwayPercent>20</highwayPercent>
<lastDate>2010-04-21T00:00:00-04:00</lastDate>
<mpg>45.9</mpg>
<state>TX</state>
<vehicleId>26425</vehicleId>
</yourMpgDriverVehicle>
<yourMpgDriverVehicle>
<cityPercent>0</cityPercent>
<highwayPercent>0</highwayPercent>
<lastDate>2009-10-08T00:00:00-04:00</lastDate>
<mpg>45.793397231</mpg>
<state>CA</state>
<vehicleId>26425</vehicleId>
</yourMpgDriverVehicle>
<yourMpgDriverVehicle>
<cityPercent>81</cityPercent>
<highwayPercent>19</highwayPercent>
<lastDate>2011-11-24T00:00:00-05:00</lastDate>
<mpg>45.691592427</mpg>
<state>IN</state>
<vehicleId>26425</vehicleId>
</yourMpgDriverVehicle>
<yourMpgDriverVehicle>
<cityPercent>49</cityPercent>
<highwayPercent>51</highwayPercent>
<lastDate>2012-10-23T00:00:00-04:00</lastDate>
<mpg>45.631768533</mpg>
<state>NC</state>
<vehicleId>26425</vehicleId>
</yourMpgDriverVehicle>
<yourMpgDriverVehicle>
<cityPercent>56</cityPercent>
<highwayPercent>44</highwayPercent>
<lastDate>2014-02-01T00:00:00-05:00</lastDate>
<mpg>45.499319685</mpg>
<state>NY</state>
<vehicleId>26425</vehicleId>
</yourMpgDriverVehicle>
<yourMpgDriverVehicle>
<cityPercent>30</cityPercent>
<highwayPercent>70</highwayPercent>
<lastDate>2014-01-30T00:00:00-05:00</lastDate>
<mpg>45.377309686</mpg>
<state>NJ</state>
<vehicleId>26425</vehicleId>
</yourMpgDriverVehicle>
<yourMpgDriverVehicle>
<cityPercent>40</cityPercent>
<highwayPercent>60</highwayPercent>
<lastDate>2014-01-22T00:00:00-05:00</lastDate>
<mpg>45.365984792</mpg>
<state>NY</state>
<vehicleId>26425</vehicleId>
</yourMpgDriverVehicle>
<yourMpgDriverVehicle>
<cityPercent>30</cityPercent>
<highwayPercent>70</highwayPercent>
<lastDate>2012-11-22T00:00:00-05:00</lastDate>
<mpg>45.278230612</mpg>
<state>NY</state>
<vehicleId>26425</vehicleId>
</yourMpgDriverVehicle>
<yourMpgDriverVehicle>
<cityPercent>73</cityPercent>
<highwayPercent>27</highwayPercent>
<lastDate>2013-02-25T00:00:00-05:00</lastDate>
<mpg>45.269350296</mpg>
<state>OH</state>
<vehicleId>26425</vehicleId>
</yourMpgDriverVehicle>
<yourMpgDriverVehicle>
<cityPercent>0</cityPercent>
<highwayPercent>0</highwayPercent>
<lastDate>2010-09-10T00:00:00-04:00</lastDate>
<mpg>45.079441631</mpg>
<state>TX</state>
<vehicleId>26425</vehicleId>
</yourMpgDriverVehicle>
<yourMpgDriverVehicle>
<cityPercent>0</cityPercent>
<highwayPercent>0</highwayPercent>
<lastDate>2013-03-18T00:00:00-04:00</lastDate>
<mpg>44.897670887</mpg>
<state>IN</state>
<vehicleId>26425</vehicleId>
</yourMpgDriverVehicle>
<yourMpgDriverVehicle>
<cityPercent>40</cityPercent>
<highwayPercent>60</highwayPercent>
<lastDate>2012-07-19T00:00:00-04:00</lastDate>
<mpg>44.669934463</mpg>
<state>FL</state>
<vehicleId>26425</vehicleId>
</yourMpgDriverVehicle>
<yourMpgDriverVehicle>
<cityPercent>15</cityPercent>
<highwayPercent>85</highwayPercent>
<lastDate>2012-04-14T00:00:00-04:00</lastDate>
<mpg>44.561152224</mpg>
<state>FL</state>
<vehicleId>26425</vehicleId>
</yourMpgDriverVehicle>
<yourMpgDriverVehicle>
<cityPercent>5</cityPercent>
<highwayPercent>96</highwayPercent>
<lastDate>2011-09-17T00:00:00-04:00</lastDate>
<mpg>44.54837558</mpg>
<state>TX</state>
<vehicleId>26425</vehicleId>
</yourMpgDriverVehicle>
<yourMpgDriverVehicle>
<cityPercent>66</cityPercent>
<highwayPercent>32</highwayPercent>
<lastDate>2012-07-19T00:00:00-04:00</lastDate>
<mpg>44.151882921</mpg>
<state>MA</state>
<vehicleId>26425</vehicleId>
</yourMpgDriverVehicle>
<yourMpgDriverVehicle>
<cityPercent>40</cityPercent>
<highwayPercent>60</highwayPercent>
<lastDate>2012-09-22T00:00:00-04:00</lastDate>
<mpg>44.051340028</mpg>
<state>NE</state>
<vehicleId>26425</vehicleId>
</yourMpgDriverVehicle>
<yourMpgDriverVehicle>
<cityPercent>0</cityPercent>
<highwayPercent>0</highwayPercent>
<lastDate>2010-11-29T00:00:00-05:00</lastDate>
<mpg>43.822569426</mpg>
<state>IN</state>
<vehicleId>26425</vehicleId>
</yourMpgDriverVehicle>
<yourMpgDriverVehicle>
<cityPercent>41</cityPercent>
<highwayPercent>59</highwayPercent>
<lastDate>2013-01-06T00:00:00-05:00</lastDate>
<mpg>43.747538216</mpg>
<state>TX</state>
<vehicleId>26425</vehicleId>
</yourMpgDriverVehicle>
<yourMpgDriverVehicle>
<cityPercent>0</cityPercent>
<highwayPercent>0</highwayPercent>
<lastDate>2014-01-26T00:00:00-05:00</lastDate>
<mpg>43.340034681</mpg>
<state>NY</state>
<vehicleId>26425</vehicleId>
</yourMpgDriverVehicle>
<yourMpgDriverVehicle>
<cityPercent>68</cityPercent>
<highwayPercent>32</highwayPercent>
<lastDate>2013-12-04T00:00:00-05:00</lastDate>
<mpg>43.289943732</mpg>
<state>IN</state>
<vehicleId>26425</vehicleId>
</yourMpgDriverVehicle>
<yourMpgDriverVehicle>
<cityPercent>10</cityPercent>
<highwayPercent>90</highwayPercent>
<lastDate>2009-11-30T00:00:00-05:00</lastDate>
<mpg>43.0</mpg>
<state>TX</state>
<vehicleId>26425</vehicleId>
</yourMpgDriverVehicle>
<yourMpgDriverVehicle>
<cityPercent>77</cityPercent>
<highwayPercent>23</highwayPercent>
<lastDate>2011-03-26T00:00:00-04:00</lastDate>
<mpg>42.741187384</mpg>
<state>IL</state>
<vehicleId>26425</vehicleId>
</yourMpgDriverVehicle>
<yourMpgDriverVehicle>
<cityPercent>40</cityPercent>
<highwayPercent>60</highwayPercent>
<lastDate>2014-01-14T00:00:00-05:00</lastDate>
<mpg>42.103118536</mpg>
<state>NY</state>
<vehicleId>26425</vehicleId>
</yourMpgDriverVehicle>
<yourMpgDriverVehicle>
<cityPercent>32</cityPercent>
<highwayPercent>68</highwayPercent>
<lastDate>2013-05-27T00:00:00-04:00</lastDate>
<mpg>42.098224032</mpg>
<state>CA</state>
<vehicleId>26425</vehicleId>
</yourMpgDriverVehicle>
<yourMpgDriverVehicle>
<cityPercent>80</cityPercent>
<highwayPercent>20</highwayPercent>
<lastDate>2011-06-24T00:00:00-04:00</lastDate>
<mpg>41.878209406</mpg>
<state>MA</state>
<vehicleId>26425</vehicleId>
</yourMpgDriverVehicle>
<yourMpgDriverVehicle>
<cityPercent>30</cityPercent>
<highwayPercent>70</highwayPercent>
<lastDate>2010-04-18T00:00:00-04:00</lastDate>
<mpg>41.846865662</mpg>
<state>NH</state>
<vehicleId>26425</vehicleId>
</yourMpgDriverVehicle>
<yourMpgDriverVehicle>
<cityPercent>15</cityPercent>
<highwayPercent>85</highwayPercent>
<lastDate>2014-01-21T00:00:00-05:00</lastDate>
<mpg>41.445916681</mpg>
<state>NE</state>
<vehicleId>26425</vehicleId>
</yourMpgDriverVehicle>
<yourMpgDriverVehicle>
<cityPercent>76</cityPercent>
<highwayPercent>24</highwayPercent>
<lastDate>2012-10-26T00:00:00-04:00</lastDate>
<mpg>40.833385577</mpg>
<state>NY</state>
<vehicleId>26425</vehicleId>
</yourMpgDriverVehicle>
<yourMpgDriverVehicle>
<cityPercent>70</cityPercent>
<highwayPercent>30</highwayPercent>
<lastDate>2013-03-19T00:00:00-04:00</lastDate>
<mpg>40.6</mpg>
<state>FL</state>
<vehicleId>26425</vehicleId>
</yourMpgDriverVehicle>
<yourMpgDriverVehicle>
<cityPercent>58</cityPercent>
<highwayPercent>42</highwayPercent>
<lastDate>2012-10-18T00:00:00-04:00</lastDate>
<mpg>40.335081714</mpg>
<state>DC</state>
<vehicleId>26425</vehicleId>
</yourMpgDriverVehicle>
<yourMpgDriverVehicle>
<cityPercent>35</cityPercent>
<highwayPercent>65</highwayPercent>
<lastDate>2009-10-05T00:00:00-04:00</lastDate>
<mpg>40.104938272</mpg>
<state>AZ</state>
<vehicleId>26425</vehicleId>
</yourMpgDriverVehicle>
<yourMpgDriverVehicle>
<cityPercent>64</cityPercent>
<highwayPercent>36</highwayPercent>
<lastDate>2013-02-17T00:00:00-05:00</lastDate>
<mpg>39.169631823</mpg>
<state>CA</state>
<vehicleId>26425</vehicleId>
</yourMpgDriverVehicle>
<yourMpgDriverVehicle>
<cityPercent>74</cityPercent>
<highwayPercent>26</highwayPercent>
<lastDate>2012-09-19T00:00:00-04:00</lastDate>
<mpg>39.129720748</mpg>
<state>CT</state>
<vehicleId>26425</vehicleId>
</yourMpgDriverVehicle>
<yourMpgDriverVehicle>
<cityPercent>0</cityPercent>
<highwayPercent>0</highwayPercent>
<lastDate>2011-03-21T00:00:00-04:00</lastDate>
<mpg>38.7</mpg>
<state>SC</state>
<vehicleId>26425</vehicleId>
</yourMpgDriverVehicle>
<yourMpgDriverVehicle>
<cityPercent>30</cityPercent>
<highwayPercent>70</highwayPercent>
<lastDate>2009-11-13T00:00:00-05:00</lastDate>
<mpg>36.7</mpg>
<state>PA</state>
<vehicleId>26425</vehicleId>
</yourMpgDriverVehicle>
<yourMpgDriverVehicle>
<cityPercent>30</cityPercent>
<highwayPercent>70</highwayPercent>
<lastDate>2010-12-26T00:00:00-05:00</lastDate>
<mpg>36.0</mpg>
<state>NE</state>
<vehicleId>26425</vehicleId>
</yourMpgDriverVehicle>
<yourMpgDriverVehicle>
<cityPercent>0</cityPercent>
<highwayPercent>0</highwayPercent>
<lastDate>2013-12-21T00:00:00-05:00</lastDate>
<mpg>35.564589227</mpg>
<state>MN</state>
<vehicleId>26425</vehicleId>
</yourMpgDriverVehicle>
<yourMpgDriverVehicle>
<cityPercent>80</cityPercent>
<highwayPercent>20</highwayPercent>
<lastDate>2010-01-24T00:00:00-05:00</lastDate>
<mpg>35.4</mpg>
<vehicleId>26425</vehicleId>
</yourMpgDriverVehicle>
<yourMpgDriverVehicle>
<cityPercent>0</cityPercent>
<highwayPercent>0</highwayPercent>
<lastDate>2010-02-24T00:00:00-05:00</lastDate>
<mpg>35.154538817</mpg>
<state>KS</state>
<vehicleId>26425</vehicleId>
</yourMpgDriverVehicle>
</yourMpgDriverVehicles>