{
  "data" : [
    {
      "category" : "Interest" ,
      "name" : "Francis Goya" ,
      "created_time" : "2013-04-12T05:28:22+0000" ,
      "id" : "103626866394743"
    } , {
      "category" : "Musician/band" ,
      "name" : "John McLaughlin" ,
      "created_time" : "2013-04-12T05:11:41+0000" ,
      "id" : "212901235398770"
    }
  ] ,
  "paging" : {
    "next" : "https://graph.facebook.com/v2.0/318532531638974/music?limit=25&offset=25&__after_id=enc_AexfIg_a1nZ7tVuCuW6peGfAo7-nGGZB4cMEKUzcEou_AUpevQ148MXXM5SenCQ1ymVmRVIvUfd72moBb18oS3mZ"
  }
}