{
  "id" : "10150146071791729" ,
  "can_upload" : false ,
  "count" : 79 ,
  "cover_photo" : "10150146072661729" ,
  "created_time" : "2011-02-02T16:47:41+0000" ,
  "from" : {
    "category" : "Product/service" ,
    "name" : "Facebook" ,
    "id" : "20531316728"
  } ,
  "link" : "http://www.facebook.com/album.php?fbid=10150146071791729&id=20531316728&aid=324257" ,
  "name" : "Happy Lunar New Year 2011" ,
  "type" : "normal" ,
  "updated_time" : "2011-02-02T17:00:50+0000" ,
  "likes" : {
    "data" : [
      {
        "id" : "1093236646" ,
        "name" : "Zhixin Chen"
      } , {
        "id" : "100006616781816" ,
        "name" : "Tiên Dương"
      } , {
        "id" : "100004586024589" ,
        "name" : "Luigi Marongiu"
      } , {
        "id" : "100003294336021" ,
        "name" : "คนติด เกาะ"
      } , {
        "id" : "100003884404482" ,
        "name" : "Raju Puppala"
      } , {
        "id" : "100004255120515" ,
        "name" : "Luz Mary Ocampo"
      } , {
        "id" : "100002232262955" ,
        "name" : "Leonardo Polymath"
      } , {
        "id" : "100000764744658" ,
        "name" : "Teng Lkt"
      } , {
        "id" : "100002157503112" ,
        "name" : "Iveta Frybertova"
      } , {
        "id" : "100005214576616" ,
        "name" : "Nguyễn Đăng Tú"
      } , {
        "id" : "100004748435046" ,
        "name" : "Paul Pandi Yadav"
      } , {
        "id" : "100005751341135" ,
        "name" : "Laindia Anacaona Incomparable"
      } , {
        "id" : "100002930445443" ,
        "name" : "Abbas Yavarzadeh"
      } , {
        "id" : "100004626637291" ,
        "name" : "Maryam Yadasa"
      } , {
        "id" : "100005487160678" ,
        "name" : "Ercan Cem"
      } , {
        "id" : "100005116094599" ,
        "name" : "Appapi Five-sl"
      } , {
        "id" : "100002883114273" ,
        "name" : "Selva Nivaslin"
      } , {
        "id" : "100003337717356" ,
        "name" : "Adel Youssef Youssef"
      } , {
        "id" : "100004624061391" ,
        "name" : "Darren Dunn"
      } , {
        "id" : "100003867202492" ,
        "name" : "Josefa Marta De Almeida Maciel Marta"
      } , {
        "id" : "503665427" ,
        "name" : "Alvin Sng"
      } , {
        "id" : "100005207139737" ,
        "name" : "Mamadou Barro"
      } , {
        "id" : "100004566731217" ,
        "name" : "Mohamed Abd Elrahman"
      } , {
        "id" : "100004872935409" ,
        "name" : "Anggota Bnc"
      } , {
        "id" : "100000013440313" ,
        "name" : "Mima Boudjermine"
      }
    ] ,
    "paging" : {
      "next" : "https://graph.facebook.com/10150146071791729/likes?limit=25&pretty=1&after=MTAwMDAwMDEzNDQwMzEz" ,
      "cursors" : {
        "before" : "MTA5MzIzNjY0Ng==" ,
        "after" : "MTAwMDAwMDEzNDQwMzEz"
      }
    }
  } ,
  "comments" : {
    "data" : [
      {
        "id" : "10150146071791729_15215173" ,
        "can_remove" : false ,
        "created_time" : "2011-02-02T17:06:16+0000" ,
        "from" : {
          "name" : "Hmo Souha" ,
          "id" : "100000931807575"
        } ,
        "like_count" : 2 ,
        "message" : "it  is very  beautiful" ,
        "user_likes" : false
      } , {
        "id" : "10150146071791729_15215233" ,
        "can_remove" : false ,
        "created_time" : "2011-02-02T17:16:44+0000" ,
        "from" : {
          "name" : "Jake" ,
          "id" : "100000803666591"
        } ,
        "like_count" : 1 ,
        "message" : "Mind blOwing --------------------- gOrgiOus :D" ,
        "user_likes" : false
      } , {
        "id" : "10150146071791729_15215237" ,
        "can_remove" : false ,
        "created_time" : "2011-02-02T17:16:57+0000" ,
        "from" : {
          "name" : "Tara Hombler" ,
          "id" : "639193309"
        } ,
        "like_count" : 1 ,
        "message" : "Happy New Year, year of the rabbit <3 xxx" ,
        "user_likes" : false
      } , {
        "id" : "10150146071791729_15215240" ,
        "can_remove" : false ,
        "created_time" : "2011-02-02T17:17:02+0000" ,
        "from" : {
          "name" : "Mohamed Mohsen" ,
          "id" : "1050917931"
        } ,
        "like_count" : 1 ,
        "message" : "very nice" ,
        "user_likes" : false
      } , {
        "id" : "10150146071791729_15215241" ,
        "can_remove" : false ,
        "created_time" : "2011-02-02T17:17:15+0000" ,
        "from" : {
          "name" : "Marius Hubrig" ,
          "id" : "100001223520097"
        } ,
        "like_count" : 1 ,
        "message" : "alles OPFER :D" ,
        "user_likes" : false
      } , {
        "id" : "10150146071791729_15215243" ,
        "can_remove" : false ,
        "created_time" : "2011-02-02T17:17:31+0000" ,
        "from" : {
          "name" : "Liezl Serra Arreza" ,
          "id" : "100001402626624"
        } ,
        "like_count" : 1 ,
        "message" : "happy chinese new year to all.." ,
        "user_likes" : false
      } , {
        "id" : "10150146071791729_15215257" ,
        "can_remove" : false ,
        "created_time" : "2011-02-02T17:18:31+0000" ,
        "from" : {
          "name" : "Renata Ravizza" ,
          "id" : "1641863918"
        } ,
        "like_count" : 1 ,
        "message" : "auguri al nuovo anno lunare viva il coniglio!!!!" ,
        "user_likes" : false
      } , {
        "id" : "10150146071791729_15215260" ,
        "can_remove" : false ,
        "created_time" : "2011-02-02T17:18:50+0000" ,
        "from" : {
          "name" : "Cri Cri" ,
          "id" : "100001575729427"
        } ,
        "like_count" : 1 ,
        "message" : "ciao italy" ,
        "user_likes" : false
      } , {
        "id" : "10150146071791729_15215263" ,
        "can_remove" : false ,
        "created_time" : "2011-02-02T17:19:05+0000" ,
        "from" : {
          "name" : "Yusuph Olanrewaju Abdullateef" ,
          "id" : "100002007500927"
        } ,
        "like_count" : 1 ,
        "message" : "Hapi new lunar year " ,
        "user_likes" : false
      } , {
        "id" : "10150146071791729_15215264" ,
        "can_remove" : false ,
        "created_time" : "2011-02-02T17:19:11+0000" ,
        "from" : {
          "name" : "Susanne Rønne" ,
          "id" : "1642414526"
        } ,
        "like_count" : 1 ,
        "message" : "go to celebrate ther Chinesse new year here in Spain tonight...do it every year:))" ,
        "user_likes" : false
      } , {
        "id" : "10150146071791729_15215265" ,
        "can_remove" : false ,
        "created_time" : "2011-02-02T17:19:19+0000" ,
        "from" : {
          "name" : "John Smiley Jr" ,
          "id" : "1532553555"
        } ,
        "like_count" : 1 ,
        "message" : "Okay...now, what's going on here?  I'm from Arkansas and need to have things explained sometimes..." ,
        "user_likes" : false
      } , {
        "id" : "10150146071791729_15215266" ,
        "can_remove" : false ,
        "created_time" : "2011-02-02T17:19:26+0000" ,
        "from" : {
          "name" : "Ashu Dhar" ,
          "id" : "758327921"
        } ,
        "like_count" : 1 ,
        "message" : "I thought China had banned Facebook :O" ,
        "user_likes" : false
      } , {
        "id" : "10150146071791729_15215267" ,
        "can_remove" : false ,
        "created_time" : "2011-02-02T17:19:30+0000" ,
        "from" : {
          "name" : "Ronald Verfaillie" ,
          "id" : "100001410380423"
        } ,
        "like_count" : 1 ,
        "message" : "Very Nice" ,
        "user_likes" : false
      } , {
        "id" : "10150146071791729_15215277" ,
        "can_remove" : false ,
        "created_time" : "2011-02-02T17:20:24+0000" ,
        "from" : {
          "name" : "Holly K Sakwa" ,
          "id" : "1190615258"
        } ,
        "like_count" : 1 ,
        "message" : "lol IL here but happy new year anyway" ,
        "user_likes" : false
      } , {
        "id" : "10150146071791729_15215281" ,
        "can_remove" : false ,
        "created_time" : "2011-02-02T17:20:47+0000" ,
        "from" : {
          "name" : "Mohammad Wasim" ,
          "id" : "100001260038838"
        } ,
        "like_count" : 1 ,
        "message" : "Very nice picx" ,
        "user_likes" : false
      } , {
        "id" : "10150146071791729_15215283" ,
        "can_remove" : false ,
        "created_time" : "2011-02-02T17:21:00+0000" ,
        "from" : {
          "name" : "Candy Apple Canterberry" ,
          "id" : "1078620339"
        } ,
        "like_count" : 1 ,
        "message" : "Happy Lunar Year :-)" ,
        "user_likes" : false
      } , {
        "id" : "10150146071791729_15215284" ,
        "can_remove" : false ,
        "created_time" : "2011-02-02T17:21:02+0000" ,
        "from" : {
          "name" : "Chito Coloma" ,
          "id" : "100000438799835"
        } ,
        "like_count" : 1 ,
        "message" : "nice.!" ,
        "user_likes" : false
      } , {
        "id" : "10150146071791729_15215291" ,
        "can_remove" : false ,
        "created_time" : "2011-02-02T17:21:30+0000" ,
        "from" : {
          "name" : "Gunapal Alva" ,
          "id" : "100000416162998"
        } ,
        "like_count" : 1 ,
        "message" : "wonderful pics:D" ,
        "user_likes" : false
      } , {
        "id" : "10150146071791729_15215302" ,
        "can_remove" : false ,
        "created_time" : "2011-02-02T17:22:28+0000" ,
        "from" : {
          "name" : "Sonia Bloise" ,
          "id" : "100001012219788"
        } ,
        "like_count" : 0 ,
        "message" : "Happy Lunar New Year 2011 ^_^   Its going to be the best year ever!!" ,
        "user_likes" : false
      } , {
        "id" : "10150146071791729_15215308" ,
        "can_remove" : false ,
        "created_time" : "2011-02-02T17:23:10+0000" ,
        "from" : {
          "name" : "Noemi Redolozo" ,
          "id" : "100001613987874"
        } ,
        "like_count" : 0 ,
        "message" : "amazing pic hapi new year..." ,
        "user_likes" : false
      } , {
        "id" : "10150146071791729_15215310" ,
        "can_remove" : false ,
        "created_time" : "2011-02-02T17:23:13+0000" ,
        "from" : {
          "name" : "Dee Belanger" ,
          "id" : "1142551004"
        } ,
        "like_count" : 0 ,
        "message" : "I think I'm a rabbit, happy new year to me!" ,
        "user_likes" : false
      } , {
        "id" : "10150146071791729_15215313" ,
        "can_remove" : false ,
        "created_time" : "2011-02-02T17:23:30+0000" ,
        "from" : {
          "name" : "Abdikadir Lafaley Bishar" ,
          "id" : "100001595694170"
        } ,
        "like_count" : 0 ,
        "message" : "(Happy lunar year)" ,
        "user_likes" : false
      } , {
        "id" : "10150146071791729_15215317" ,
        "can_remove" : false ,
        "created_time" : "2011-02-02T17:23:43+0000" ,
        "from" : {
          "name" : "Deep Jyoti" ,
          "id" : "100001054396141"
        } ,
        "like_count" : 0 ,
        "message" : "Happy New Year all of u. May this year brings u full of joy and happiness. By d way nice pics" ,
        "user_likes" : false
      } , {
        "id" : "10150146071791729_15215320" ,
        "can_remove" : false ,
        "created_time" : "2011-02-02T17:23:55+0000" ,
        "from" : {
          "name" : "Owais Afaq Akhter" ,
          "id" : "1057420531"
        } ,
        "like_count" : 0 ,
        "message" : "Nice :)" ,
        "user_likes" : false
      } , {
        "id" : "10150146071791729_15215331" ,
        "can_remove" : false ,
        "created_time" : "2011-02-02T17:25:23+0000" ,
        "from" : {
          "name" : "Donny Johanna Bryan Tathum" ,
          "id" : "100001807313404"
        } ,
        "like_count" : 0 ,
        "message" : "I Like Happy Lunar Year congratulaitions to everyone" ,
        "user_likes" : false
      }
    ] ,
    "paging" : {
      "next" : "https://graph.facebook.com/10150146071791729/comments?limit=25&pretty=1&after=MzE%3D" ,
      "cursors" : {
        "before" : "MQ==" ,
        "after" : "MzE="
      }
    }
  }
}