{
  "data" : [
    {
      "id" : "100002232262955" ,
      "name" : "Leonardo Polymath"
    } , {
      "id" : "100000764744658" ,
      "name" : "Teng Lkt"
    } , {
      "id" : "100000013440313" ,
      "name" : "Mima Boudjermine"
    }
  ] ,
  "paging" : {
    "next" : "https://graph.facebook.com/10150146071791729/likes?limit=25&pretty=1&after=MTAwMDAwMDEzNDQwMzEz" ,
    "cursors" : {
      "before" : "MTA5MzIzNjY0Ng==" ,
      "after" : "MTAwMDAwMDEzNDQwMzEz"
    }
  }
}