[
  {
    "name" : "{node-name}" ,
    "metadata" : {
      "connections" : {
        "feed" : "http://graph.facebook.com/me/feed" ,
        "picture" : "https://graph.facebook.com/me/picture"
      } ,
      "fields" : [
        {
          "name" : "id" ,
          "description" : "The user's Facebook ID. No `access_token` required. `string`."
        }
      ] ,
      "type" : "user"
    }
  } , {
    "name" : "{node-name}" ,
    "metadata" : {
      "connections" : {
        "feed" : "http://graph.facebook.com/me/feed" ,
        "picture" : "https://graph.facebook.com/me/picture"
      } ,
      "fields" : [
        {
          "name" : "id" ,
          "description" : "The user's Facebook ID. No `access_token` required. `string`."
        }
      ] ,
      "type" : "user"
    }
  }
]