{
  "id" : "10150799272451063" ,
  "url" : "http://www.goodreads.com/work/best_book/13212200-worth-dying-for" ,
  "type" : "good_reads:book" ,
  "title" : "Worth Dying For (Jack Reacher, #15)" ,
  "image" : [
    {
      "url" : "https://p.gr-assets.com/max_square/fill/books/1356095648/8357992.jpg" ,
      "width" : 400 ,
      "height" : 400
    }
  ] ,
  "description" : "#1 NEW YORK TIMES BESTSELLER “Compulsively readable.”—The Wall Street Journal “Don’t pick up [this] Jack Reacher novel if you don’t have ..." ,
  "site_name" : "Goodreads" ,
  "data" : {
    "author" : {
      "url" : "http://www.goodreads.com/author/show/5091.Lee_Child" ,
      "id" : "10150380949696929" ,
      "type" : "good_reads:author" ,
      "title" : "Lee Child"
    } ,
    "page_num" : 304 ,
    "isbn" : "0440339340"
  } ,
  "updated_time" : "2014-03-10T04:07:46+0000" ,
  "created_time" : "2012-04-14T22:30:24+0000" ,
  "application" : {
    "id" : "2415071772" ,
    "name" : "Goodreads" ,
    "url" : "http://www.facebook.com/apps/application.php?id=2415071772"
  } ,
  "is_scraped" : true
}