{
  "id" : "10150146071831729" ,
  "created_time" : "2011-02-02T16:47:46+0000" ,
  "from" : {
    "category" : "Product/service" ,
    "name" : "Facebook" ,
    "id" : "20531316728"
  } ,
  "height" : 483 ,
  "icon" : "http://static.xx.fbcdn.net/rsrc.php/v2/yz/r/StEh3RhPvjk.gif" ,
  "images" : [
    {
      "height" : 130 ,
      "source" : "http://sphotos-g.ak.fbcdn.net/hphotos-ak-prn2/t1/p130x130/168119_10150146071831729_5116892_n.jpg" ,
      "width" : 193
    } , {
      "height" : 225 ,
      "source" : "http://sphotos-g.ak.fbcdn.net/hphotos-ak-prn2/t1/p75x225/168119_10150146071831729_5116892_n.jpg" ,
      "width" : 335
    }
  ] ,
  "link" : "http://www.facebook.com/facebook/photos/a.10150146071791729.324257.20531316728/10150146071831729/?type=1" ,
  "picture" : "http://photos-g.ak.fbcdn.net/hphotos-ak-prn2/t1/168119_10150146071831729_5116892_s.jpg" ,
  "source" : "http://sphotos-g.ak.fbcdn.net/hphotos-ak-prn2/t1/168119_10150146071831729_5116892_n.jpg" ,
  "updated_time" : "2011-02-02T17:00:50+0000" ,
  "width" : 720 ,
  "comments" : {
    "data" : [
      {
        "id" : "10150146071831729_4508700" ,
        "can_remove" : false ,
        "created_time" : "2011-02-02T17:21:50+0000" ,
        "from" : {
          "name" : "Lopez Sanchez Cristhian" ,
          "id" : "100001524730775"
        } ,
        "like_count" : 0 ,
        "message" : "happy new year guys" ,
        "user_likes" : false
      }
    ] ,
    "paging" : {
      "next" : "https://graph.facebook.com/10150146071831729/comments?limit=25&pretty=1&after=Mjg" ,
      "cursors" : {
        "before" : "MQ==" ,
        "after" : "Mjg="
      }
    }
  } ,
  "likes" : {
    "data" : [
      {
        "id" : "100000282789443" ,
        "name" : "Noor Ahlis"
      } , {
        "id" : "100000703951896" ,
        "name" : "Isya Anshori"
      }
    ] ,
    "paging" : {
      "next" : "https://graph.facebook.com/10150146071831729/likes?limit=25&pretty=1&after=MTAwMDAwNzAzOTUxODk2" ,
      "cursors" : {
        "before" : "MTAwMDA2OTA2NjM3NzI1" ,
        "after" : "MTAwMDAwNzAzOTUxODk2"
      }
    }
  }
}