{
  "data" : [
    {
      "id" : "10150385840638340" ,
      "from" : {
        "name" : "Yu-Chen Terry Lin" ,
        "id" : "1741460537"
      } ,
      "to" : {
        "name" : "Developer" ,
        "namespace" : "fbdeveloperapp" ,
        "id" : "2345053339"
      } ,
      "rating" : 2 ,
      "created_time" : "2011-11-07T21:22:31+0000"
    } , {
      "id" : "10150385172058340" ,
      "to" : {
        "name" : "Developer" ,
        "namespace" : "fbdeveloperapp" ,
        "id" : "2345053339"
      } ,
      "rating" : 5 ,
      "created_time" : "2011-11-07T11:18:07+0000"
    } , {
      "id" : "10150384896078340" ,
      "from" : {
        "name" : "Diego Velasquez" ,
        "id" : "100000312841133"
      } ,
      "to" : {
        "name" : "Developer" ,
        "namespace" : "fbdeveloperapp" ,
        "id" : "2345053339"
      } ,
      "rating" : 5 ,
      "created_time" : "2011-11-07T03:48:53+0000"
    } , {
      "id" : "10150384861513340" ,
      "from" : {
        "name" : "TurCa Alalí" ,
        "id" : "1184326184"
      } ,
      "to" : {
        "name" : "Developer" ,
        "namespace" : "fbdeveloperapp" ,
        "id" : "2345053339"
      } ,
      "rating" : 1 ,
      "message" : "http://apps.new.facebook.com/?fbnew_opt_out=1" ,
      "created_time" : "2011-11-07T03:02:04+0000"
    } , {
      "id" : "10150384463078340" ,
      "to" : {
        "name" : "Developer" ,
        "namespace" : "fbdeveloperapp" ,
        "id" : "2345053339"
      } ,
      "rating" : 5 ,
      "created_time" : "2011-11-06T19:50:03+0000"
    }
  ] ,
  "paging" : {
    "next" : "https://graph.facebook.com/2345053339/reviews?limit=25&offset=25&__after_id=10150381059708340"
  }
}