{
  "data" : [
    {
      "name" : "GroupName1" ,
      "unread" : 25 ,
      "bookmark_order" : 1 ,
      "id" : "14093460959"
    } , {
      "name" : "GroupName2" ,
      "unread" : 1 ,
      "bookmark_order" : 2 ,
      "id" : "13911429625"
    }
  ] ,
  "paging" : {
    "next" : "https://graph.facebook.com/v2.0/318532531638974/groups?icon_size=16&limit=5000&offset=5000&__after_id=enc_Aeyas0umD-g8EZFehVhfkQd7o_SsaewqyFvnNnKEKhYWDXnxsC1hmG36GZXYBcF34Ayv97wSiPyCb7bNs_zDy_uJ"
  }
}