<?xml version="1.0" encoding="UTF-8"?><switchyard xmlns="urn:switchyard-config:switchyard:1.0" name="orders" targetNamespace="urn:switchyard-quickstart:bean-service:0.1.0">
<!--
    JBoss, Home of Professional Open Source
    Copyright 2013, Red Hat, Inc. and/or its affiliates, and individual
    contributors by the @authors tag. See the copyright.txt in the
    distribution for a full listing of individual contributors.

    Licensed under the Apache License, Version 2.0 (the "License");
    you may not use this file except in compliance with the License.
    You may obtain a copy of the License at
    http://www.apache.org/licenses/LICENSE-2.0
    Unless required by applicable law or agreed to in writing, software
    distributed under the License is distributed on an "AS IS" BASIS,
    WITHOUT WARRANTIES OR CONDITIONS OF ANY KIND, either express or implied.
    See the License for the specific language governing permissions and
    limitations under the License.
-->
    <composite xmlns="http://docs.oasis-open.org/ns/opencsa/sca/200912" name="orders" targetNamespace="urn:switchyard-quickstart:bean-service:0.1.0">
        <service name="OrderService" promote="OrderService">
            <interface.wsdl interface="wsdl/OrderService.wsdl#wsdl.porttype(OrderService)"/>
            <binding.soap xmlns="urn:switchyard-component-soap:config:1.0">
                <wsdl>wsdl/OrderService.wsdl</wsdl>
                <socketAddr>:${jettyPort}</socketAddr>
                <contextPath>quickstart-bean</contextPath>
            </binding.soap>
        </service>
        <component name="InventoryService">
            <implementation.bean xmlns="urn:switchyard-component-bean:config:1.0" class="org.switchyard.quickstarts.bean.service.InventoryServiceBean"/>
            <service name="InventoryService">
                <interface.java interface="org.switchyard.quickstarts.bean.service.InventoryService"/>
            </service>
        </component>
        <component name="OrderService">
            <implementation.bean xmlns="urn:switchyard-component-bean:config:1.0" class="org.switchyard.quickstarts.bean.service.OrderServiceBean"/>
            <service name="OrderService">
                <interface.java interface="org.switchyard.quickstarts.bean.service.OrderService"/>
            </service>
            <reference name="InventoryService">
                <interface.java interface="org.switchyard.quickstarts.bean.service.InventoryService"/>
            </reference>
        </component>
    </composite>
    <transforms>
        <transform.java xmlns="urn:switchyard-config:transform:1.0" bean="Transformers" from="java:org.switchyard.quickstarts.bean.service.OrderAck" to="{urn:switchyard-quickstart:bean-service:1.0}submitOrderResponse"/>
        <transform.java xmlns="urn:switchyard-config:transform:1.0" bean="Transformers" from="{urn:switchyard-quickstart:bean-service:1.0}submitOrder" to="java:org.switchyard.quickstarts.bean.service.Order"/>
    </transforms>
    <validates>
        <validate.java xmlns="urn:switchyard-config:validate:1.0" bean="Validators" name="java:org.switchyard.quickstarts.bean.service.Order"/>
        <validate.java xmlns="urn:switchyard-config:validate:1.0" bean="Validators" name="java:org.switchyard.quickstarts.bean.service.OrderAck"/>
    </validates>
    <domain>
        <properties>
            <property name="jettyPort" value="${org.switchyard.component.http.standalone.port:8080}"/>
        </properties>
    </domain>
</switchyard>
