{
  "required" : true ,
  "$schema" : "http://json-schema.org/draft-03/schema" ,
  "type" : "object" ,
  "properties" : {
    "airlines" : {
      "type" : "array" ,
      "required" : false ,
      "items" : [
        {
          "type" : "object" ,
          "properties" : {
            "fs" : {
              "type" : "string" ,
              "required" : false
            } ,
            "iata" : {
              "type" : "string" ,
              "required" : false
            } ,
            "icao" : {
              "type" : "string" ,
              "required" : false
            } ,
            "name" : {
              "type" : "string" ,
              "required" : false
            } ,
            "active" : {
              "type" : "boolean" ,
              "required" : false
            }
          }
        } , {
          "type" : "object" ,
          "properties" : {
            "fs" : {
              "type" : "string" ,
              "required" : false
            } ,
            "iata" : {
              "type" : "string" ,
              "required" : false
            } ,
            "name" : {
              "type" : "string" ,
              "required" : false
            } ,
            "active" : {
              "type" : "boolean" ,
              "required" : false
            }
          }
        } , {
          "type" : "object" ,
          "properties" : {
            "fs" : {
              "type" : "string" ,
              "required" : false
            } ,
            "icao" : {
              "type" : "string" ,
              "required" : false
            } ,
            "name" : {
              "type" : "string" ,
              "required" : false
            } ,
            "active" : {
              "type" : "boolean" ,
              "required" : false
            }
          }
        } , {
          "type" : "object" ,
          "properties" : {
            "fs" : {
              "type" : "string" ,
              "required" : false
            } ,
            "iata" : {
              "type" : "string" ,
              "required" : false
            } ,
            "icao" : {
              "type" : "string" ,
              "required" : false
            } ,
            "name" : {
              "type" : "string" ,
              "required" : false
            } ,
            "phoneNumber" : {
              "type" : "string" ,
              "required" : false
            } ,
            "active" : {
              "type" : "boolean" ,
              "required" : false
            }
          }
        } , {
          "type" : "object" ,
          "properties" : {
            "fs" : {
              "type" : "string" ,
              "required" : false
            } ,
            "name" : {
              "type" : "string" ,
              "required" : false
            } ,
            "active" : {
              "type" : "boolean" ,
              "required" : false
            }
          }
        }
      ]
    }
  }
}