{
  "required" : true ,
  "$schema" : "http://json-schema.org/draft-03/schema" ,
  "type" : "object" ,
  "properties" : {
    "airline" : {
      "type" : "object" ,
      "required" : false ,
      "properties" : {
        "fs" : {
          "type" : "string" ,
          "required" : false
        } ,
        "iata" : {
          "type" : "string" ,
          "required" : false
        } ,
        "icao" : {
          "type" : "string" ,
          "required" : false
        } ,
        "name" : {
          "type" : "string" ,
          "required" : false
        } ,
        "active" : {
          "type" : "boolean" ,
          "required" : false
        }
      }
    }
  }
}