{
  "required" : true ,
  "$schema" : "http://json-schema.org/draft-03/schema" ,
  "type" : "object" ,
  "properties" : {
    "request" : {
      "type" : "object" ,
      "required" : false ,
      "properties" : {
        "url" : {
          "type" : "string" ,
          "required" : false
        } ,
        "airport" : {
          "type" : "object" ,
          "required" : false ,
          "properties" : {
            "requestedCode" : {
              "type" : "string" ,
              "required" : false
            } ,
            "fsCode" : {
              "type" : "string" ,
              "required" : false
            }
          }
        } ,
        "codeType" : {
          "type" : "object" ,
          "required" : false
        }
      }
    } ,
    "zoneForecast" : {
      "type" : "object" ,
      "required" : false ,
      "properties" : {
        "header" : {
          "type" : "string" ,
          "required" : false
        } ,
        "general" : {
          "type" : "string" ,
          "required" : false
        } ,
        "zones" : {
          "type" : "array" ,
          "required" : false ,
          "items" : [
            {
              "type" : "string"
            }
          ]
        } ,
        "reportTime" : {
          "type" : "string" ,
          "required" : false
        } ,
        "cities" : {
          "type" : "array" ,
          "required" : false ,
          "items" : [
            {
              "type" : "string"
            }
          ]
        } ,
        "zoneNames" : {
          "type" : "array" ,
          "required" : false ,
          "items" : [
            {
              "type" : "string"
            }
          ]
        } ,
        "dayForecasts" : {
          "type" : "array" ,
          "required" : false ,
          "items" : [
            {
              "type" : "object" ,
              "properties" : {
                "day" : {
                  "type" : "string" ,
                  "required" : false
                } ,
                "forecast" : {
                  "type" : "string" ,
                  "required" : false
                } ,
                "start" : {
                  "type" : "string" ,
                  "required" : false
                } ,
                "end" : {
                  "type" : "string" ,
                  "required" : false
                } ,
                "tags" : {
                  "type" : "array" ,
                  "required" : false ,
                  "items" : [
                    {
                      "type" : "object" ,
                      "properties" : {
                        "key" : {
                          "type" : "string" ,
                          "required" : false
                        } ,
                        "value" : {
                          "type" : "string" ,
                          "required" : false
                        }
                      }
                    }
                  ]
                }
              }
            }
          ]
        }
      }
    } ,
    "appendix" : {
      "type" : "object" ,
      "required" : false ,
      "properties" : {
        "airports" : {
          "type" : "array" ,
          "required" : false ,
          "items" : [
            {
              "type" : "object" ,
              "properties" : {
                "fs" : {
                  "type" : "string" ,
                  "required" : false
                } ,
                "iata" : {
                  "type" : "string" ,
                  "required" : false
                } ,
                "icao" : {
                  "type" : "string" ,
                  "required" : false
                } ,
                "faa" : {
                  "type" : "string" ,
                  "required" : false
                } ,
                "name" : {
                  "type" : "string" ,
                  "required" : false
                } ,
                "street1" : {
                  "type" : "string" ,
                  "required" : false
                } ,
                "city" : {
                  "type" : "string" ,
                  "required" : false
                } ,
                "cityCode" : {
                  "type" : "string" ,
                  "required" : false
                } ,
                "stateCode" : {
                  "type" : "string" ,
                  "required" : false
                } ,
                "postalCode" : {
                  "type" : "string" ,
                  "required" : false
                } ,
                "countryCode" : {
                  "type" : "string" ,
                  "required" : false
                } ,
                "countryName" : {
                  "type" : "string" ,
                  "required" : false
                } ,
                "regionName" : {
                  "type" : "string" ,
                  "required" : false
                } ,
                "timeZoneRegionName" : {
                  "type" : "string" ,
                  "required" : false
                } ,
                "weatherZone" : {
                  "type" : "string" ,
                  "required" : false
                } ,
                "localTime" : {
                  "type" : "string" ,
                  "required" : false
                } ,
                "utcOffsetHours" : {
                  "type" : "number" ,
                  "required" : false
                } ,
                "latitude" : {
                  "type" : "number" ,
                  "required" : false
                } ,
                "longitude" : {
                  "type" : "number" ,
                  "required" : false
                } ,
                "elevationFeet" : {
                  "type" : "number" ,
                  "required" : false
                } ,
                "classification" : {
                  "type" : "number" ,
                  "required" : false
                } ,
                "active" : {
                  "type" : "boolean" ,
                  "required" : false
                } ,
                "delayIndexUrl" : {
                  "type" : "string" ,
                  "required" : false
                }
              }
            }
          ]
        }
      }
    }
  }
}