{
  "required" : true ,
  "$schema" : "http://json-schema.org/draft-03/schema" ,
  "type" : "object" ,
  "properties" : {
    "request" : {
      "type" : "object" ,
      "required" : false ,
      "properties" : {
        "region" : {
          "type" : "object" ,
          "required" : false ,
          "properties" : {
            "requested" : {
              "type" : "string" ,
              "required" : false
            } ,
            "interpreted" : {
              "type" : "string" ,
              "required" : false
            }
          }
        } ,
        "url" : {
          "type" : "string" ,
          "required" : false
        } ,
        "classification" : {
          "type" : "object" ,
          "required" : false
        } ,
        "score" : {
          "type" : "object" ,
          "required" : false
        }
      }
    } ,
    "delayIndexes" : {
      "type" : "array" ,
      "required" : false ,
      "items" : [
        {
          "type" : "object" ,
          "properties" : {
            "airport" : {
              "type" : "object" ,
              "required" : false ,
              "properties" : {
                "fs" : {
                  "type" : "string" ,
                  "required" : false
                } ,
                "iata" : {
                  "type" : "string" ,
                  "required" : false
                } ,
                "icao" : {
                  "type" : "string" ,
                  "required" : false
                } ,
                "name" : {
                  "type" : "string" ,
                  "required" : false
                } ,
                "city" : {
                  "type" : "string" ,
                  "required" : false
                } ,
                "countryCode" : {
                  "type" : "string" ,
                  "required" : false
                } ,
                "countryName" : {
                  "type" : "string" ,
                  "required" : false
                } ,
                "regionName" : {
                  "type" : "string" ,
                  "required" : false
                } ,
                "timeZoneRegionName" : {
                  "type" : "string" ,
                  "required" : false
                } ,
                "localTime" : {
                  "type" : "string" ,
                  "required" : false
                } ,
                "utcOffsetHours" : {
                  "type" : "number" ,
                  "required" : false
                } ,
                "latitude" : {
                  "type" : "number" ,
                  "required" : false
                } ,
                "longitude" : {
                  "type" : "number" ,
                  "required" : false
                } ,
                "elevationFeet" : {
                  "type" : "number" ,
                  "required" : false
                } ,
                "classification" : {
                  "type" : "number" ,
                  "required" : false
                } ,
                "active" : {
                  "type" : "boolean" ,
                  "required" : false
                } ,
                "weatherUrl" : {
                  "type" : "string" ,
                  "required" : false
                }
              }
            } ,
            "rawScore" : {
              "type" : "number" ,
              "required" : false
            } ,
            "normalizedScore" : {
              "type" : "number" ,
              "required" : false
            } ,
            "dateStart" : {
              "type" : "string" ,
              "required" : false
            } ,
            "dateEnd" : {
              "type" : "string" ,
              "required" : false
            } ,
            "flights" : {
              "type" : "number" ,
              "required" : false
            } ,
            "observations" : {
              "type" : "number" ,
              "required" : false
            } ,
            "canceled" : {
              "type" : "number" ,
              "required" : false
            } ,
            "onTime" : {
              "type" : "number" ,
              "required" : false
            } ,
            "delayed15" : {
              "type" : "number" ,
              "required" : false
            } ,
            "delayed30" : {
              "type" : "number" ,
              "required" : false
            } ,
            "delayed45" : {
              "type" : "number" ,
              "required" : false
            } ,
            "delta" : {
              "type" : "number" ,
              "required" : false
            }
          }
        } , {
          "type" : "object" ,
          "properties" : {
            "airport" : {
              "type" : "object" ,
              "required" : false ,
              "properties" : {
                "fs" : {
                  "type" : "string" ,
                  "required" : false
                } ,
                "iata" : {
                  "type" : "string" ,
                  "required" : false
                } ,
                "icao" : {
                  "type" : "string" ,
                  "required" : false
                } ,
                "name" : {
                  "type" : "string" ,
                  "required" : false
                } ,
                "city" : {
                  "type" : "string" ,
                  "required" : false
                } ,
                "cityCode" : {
                  "type" : "string" ,
                  "required" : false
                } ,
                "countryCode" : {
                  "type" : "string" ,
                  "required" : false
                } ,
                "countryName" : {
                  "type" : "string" ,
                  "required" : false
                } ,
                "regionName" : {
                  "type" : "string" ,
                  "required" : false
                } ,
                "timeZoneRegionName" : {
                  "type" : "string" ,
                  "required" : false
                } ,
                "localTime" : {
                  "type" : "string" ,
                  "required" : false
                } ,
                "utcOffsetHours" : {
                  "type" : "number" ,
                  "required" : false
                } ,
                "latitude" : {
                  "type" : "number" ,
                  "required" : false
                } ,
                "longitude" : {
                  "type" : "number" ,
                  "required" : false
                } ,
                "elevationFeet" : {
                  "type" : "number" ,
                  "required" : false
                } ,
                "classification" : {
                  "type" : "number" ,
                  "required" : false
                } ,
                "active" : {
                  "type" : "boolean" ,
                  "required" : false
                } ,
                "weatherUrl" : {
                  "type" : "string" ,
                  "required" : false
                }
              }
            } ,
            "rawScore" : {
              "type" : "number" ,
              "required" : false
            } ,
            "normalizedScore" : {
              "type" : "number" ,
              "required" : false
            } ,
            "dateStart" : {
              "type" : "string" ,
              "required" : false
            } ,
            "dateEnd" : {
              "type" : "string" ,
              "required" : false
            } ,
            "flights" : {
              "type" : "number" ,
              "required" : false
            } ,
            "observations" : {
              "type" : "number" ,
              "required" : false
            } ,
            "canceled" : {
              "type" : "number" ,
              "required" : false
            } ,
            "onTime" : {
              "type" : "number" ,
              "required" : false
            } ,
            "delayed15" : {
              "type" : "number" ,
              "required" : false
            } ,
            "delayed30" : {
              "type" : "number" ,
              "required" : false
            } ,
            "delayed45" : {
              "type" : "number" ,
              "required" : false
            } ,
            "delta" : {
              "type" : "number" ,
              "required" : false
            }
          }
        }
      ]
    }
  }
}