{
  "required" : true ,
  "$schema" : "http://json-schema.org/draft-03/schema" ,
  "type" : "object" ,
  "properties" : {
    "settings" : {
      "type" : "object" ,
      "required" : false ,
      "properties" : {
        "index" : {
          "type" : "object" ,
          "required" : false ,
          "properties" : {
            "mapping.allow_type_wrapper" : {
              "type" : "boolean" ,
              "required" : false
            }
          }
        }
      }
    }
  }
}