{
  "required" : true ,
  "$schema" : "http://json-schema.org/draft-03/schema" ,
  "type" : "object" ,
  "properties" : {
    "my-suggestion" : {
      "type" : "object" ,
      "required" : false ,
      "properties" : {
        "text" : {
          "type" : "string" ,
          "required" : false
        } ,
        "term" : {
          "type" : "object" ,
          "required" : false ,
          "properties" : {
            "field" : {
              "type" : "string" ,
              "required" : false
            }
          }
        }
      }
    }
  }
}