<?xml version="1.0" encoding="UTF-8"?>

<mule xmlns:scripting="http://www.mulesoft.org/schema/mule/scripting" xmlns:data-mapper="http://www.mulesoft.org/schema/mule/ee/data-mapper" xmlns:tracking="http://www.mulesoft.org/schema/mule/ee/tracking" xmlns:oauth2="http://www.mulesoft.org/schema/mule/oauth2" xmlns:http="http://www.mulesoft.org/schema/mule/http" xmlns="http://www.mulesoft.org/schema/mule/core" xmlns:doc="http://www.mulesoft.org/schema/mule/documentation"
	xmlns:spring="http://www.springframework.org/schema/beans" version="EE-3.6.0"
	xmlns:xsi="http://www.w3.org/2001/XMLSchema-instance"
	xsi:schemaLocation="http://www.springframework.org/schema/beans http://www.springframework.org/schema/beans/spring-beans-current.xsd
http://www.mulesoft.org/schema/mule/core http://www.mulesoft.org/schema/mule/core/current/mule.xsd
http://www.mulesoft.org/schema/mule/http http://www.mulesoft.org/schema/mule/http/current/mule-http.xsd
http://www.mulesoft.org/schema/mule/oauth2 http://www.mulesoft.org/schema/mule/oauth2/current/mule-oauth2.xsd
http://www.mulesoft.org/schema/mule/ee/tracking http://www.mulesoft.org/schema/mule/ee/tracking/current/mule-tracking-ee.xsd
http://www.mulesoft.org/schema/mule/ee/data-mapper http://www.mulesoft.org/schema/mule/ee/data-mapper/current/mule-data-mapper.xsd
http://www.mulesoft.org/schema/mule/scripting http://www.mulesoft.org/schema/mule/scripting/current/mule-scripting.xsd">
    <http:listener-config name="HTTP_Listener_Configuration" host="0.0.0.0" port="8081" doc:name="HTTP Listener Configuration"/>
    <oauth2:token-manager-config name="Token_Manager_Config" doc:name="Token Manager Config"/>
    <http:request-config name="HTTP_Request_Geonames"  host="api.geonames.org" port="80" doc:name="HTTP Request Configuration">
        <http:raml-api-configuration location="100apis/geonames/api.raml"/>
    </http:request-config>  
    <flow name="raml-test-geonamesFlow">
        <http:listener config-ref="HTTP_Listener_Configuration"	path="/geonames" doc:name="HTTP" />
        <http:request config-ref="HTTP_Request_Geonames" path="/astergdem" method="GET" doc:name="HTTP">
            <http:request-builder>
                <http:query-param paramName="username" value="{geonamesUserName}"/>
                <http:query-param paramName="lat" value="50.01"/>
                <http:query-param paramName="lng" value="10.2"/>
            </http:request-builder>
        </http:request>
        <logger message="#[payload]" level="INFO" doc:name="Logger"/>
    </flow>
</mule>