<?xml version="1.0" encoding="UTF-8"?>
<blueprint xmlns="http://www.osgi.org/xmlns/blueprint/v1.0.0"
	xmlns:camel="http://camel.apache.org/schema/blueprint" xmlns:xsi="http://www.w3.org/2001/XMLSchema-instance"
	xsi:schemaLocation="http://www.osgi.org/xmlns/blueprint/v1.0.0 http://www.osgi.org/xmlns/blueprint/v1.0.0/blueprint.xsd
       http://camel.apache.org/schema/blueprint http://camel.apache.org/schema/blueprint/camel-blueprint.xsd">

	<!-- Here is an example route which handles a request to the GetList method 
		of the FlightCustomer BAPI to retrieve the list of Flight Customers within 
		an SAP System. The request is handled from SAP via a synchronous RFC endpoint 
		for the BAPI method which also sends back a response containing a list of 
		Flight Customers. -->
	<camelContext trace="false" id="sap-srfc-server-fuse-context"
		xmlns="http://camel.apache.org/schema/blueprint">
		<route id="sap-srfc-server-fuse-route">
	        <from uri="sap-srfc-server:quickstartServer:BAPI_FLCUST_GETLIST"/>
	        <log message="${body}" loggingLevel="INFO"/>
	        <to uri="bean:response"/>
	        <log message="${body}" loggingLevel="INFO"/>
		</route>
	</camelContext>

	<!-- Instantiates a processor bean which builds a request to the GetList 
		method of the FlightCustomer BAPI and sets that request in the body of the 
		exchange's message. -->
	<bean id="response"
		class="org.jboss.quickstarts.fuse.sap_srfc_server_fuse.CreateResponse" />

	<!-- Configures the Inbound and Outbound SAP Connections -->
	<bean id="sap-configuration"
		class="org.fusesource.camel.component.sap.SapConnectionConfiguration">
		<property name="destinationDataStore">
			<map>
				<entry key="quickstartDest" value-ref="quickstartDestinationData" />
			</map>
		</property>
		<property name="serverDataStore">
			<map>
				<entry key="quickstartServer" value-ref="quickstartServerData" />
			</map>
		</property>
	</bean>

	<!-- Configures an Outbound SAP Connection -->
	<!-- *** Please enter the connection property values for your environment 
		*** -->
	<bean id="quickstartDestinationData"
		class="org.fusesource.camel.component.sap.model.rfc.impl.DestinationDataImpl">
		<property name="ashost" value="${jco.client.ashost}" />
		<property name="sysnr" value="${jco.client.sysnr}" />
		<property name="client" value="${jco.client.client}" />
		<property name="user" value="${jco.client.user}" />
		<property name="passwd" value="${jco.client.passwd}" />
		<property name="lang" value="${jco.client.lang}" />
	</bean>

	<!-- Configures an Inbound SAP Connection -->
	<!-- *** Please enter the connection property values for your environment 
		*** -->
	<bean id="quickstartServerData"
		class="org.fusesource.camel.component.sap.model.rfc.impl.ServerDataImpl">
		<property name="gwhost" value="${jco.client.gwhost}" />
		<property name="gwserv" value="${jco.client.gwserv}" />
		<!-- The following property values should not be changed -->
		<property name="progid" value="QUICKSTART" />
		<property name="repositoryDestination" value="quickstartDest" />
		<property name="connectionCount" value="2" />
	</bean>
</blueprint>
