<geonames>
<geoname>
<toponymName>Mexico City</toponymName>
<name>Mexico City</name>
<lat>19.42847</lat>
<lng>-99.12766</lng>
<geonameId>3530597</geonameId>
<countryCode>MX</countryCode>
<countryName>Mexico</countryName>
<fcl>P</fcl>
<fcode>PPLC</fcode>
</geoname>
<geoname>
<toponymName>Manila</toponymName>
<name>City of Manila</name>
<lat>14.6042</lat>
<lng>120.9822</lng>
<geonameId>1701668</geonameId>
<countryCode>PH</countryCode>
<countryName>Philippines</countryName>
<fcl>P</fcl>
<fcode>PPLC</fcode>
</geoname>
<geoname>
<toponymName>Dhaka</toponymName>
<name>Dhaka</name>
<lat>23.7104</lat>
<lng>90.40744</lng>
<geonameId>1185241</geonameId>
<countryCode>BD</countryCode>
<countryName>Bangladesh</countryName>
<fcl>P</fcl>
<fcode>PPLC</fcode>
</geoname>
<geoname>
<toponymName>Seoul</toponymName>
<name>Seoul</name>
<lat>37.566</lat>
<lng>126.9784</lng>
<geonameId>1835848</geonameId>
<countryCode>KR</countryCode>
<countryName>South Korea</countryName>
<fcl>P</fcl>
<fcode>PPLC</fcode>
</geoname>
<geoname>
<toponymName>Jakarta</toponymName>
<name>Jakarta</name>
<lat>-6.21462</lat>
<lng>106.84513</lng>
<geonameId>1642911</geonameId>
<countryCode>ID</countryCode>
<countryName>Indonesia</countryName>
<fcl>P</fcl>
<fcode>PPLC</fcode>
</geoname>
<geoname>
<toponymName>Tokyo</toponymName>
<name>Tokyo</name>
<lat>35.6895</lat>
<lng>139.69171</lng>
<geonameId>1850147</geonameId>
<countryCode>JP</countryCode>
<countryName>Japan</countryName>
<fcl>P</fcl>
<fcode>PPLC</fcode>
</geoname>
<geoname>
<toponymName>Taipei</toponymName>
<name>Taipei</name>
<lat>25.04776</lat>
<lng>121.53185</lng>
<geonameId>1668341</geonameId>
<countryCode>TW</countryCode>
<countryName>Taiwan</countryName>
<fcl>P</fcl>
<fcode>PPLC</fcode>
</geoname>
<geoname>
<toponymName>Bogotá</toponymName>
<name>Bogotá</name>
<lat>4.60971</lat>
<lng>-74.08175</lng>
<geonameId>3688689</geonameId>
<countryCode>CO</countryCode>
<countryName>Colombia</countryName>
<fcl>P</fcl>
<fcode>PPLC</fcode>
</geoname>
<geoname>
<toponymName>Beijing</toponymName>
<name>Beijing</name>
<lat>39.9075</lat>
<lng>116.39723</lng>
<geonameId>1816670</geonameId>
<countryCode>CN</countryCode>
<countryName>China</countryName>
<fcl>P</fcl>
<fcode>PPLC</fcode>
</geoname>
<geoname>
<toponymName>Hong Kong</toponymName>
<name>Hong Kong</name>
<lat>22.28552</lat>
<lng>114.15769</lng>
<geonameId>1819729</geonameId>
<countryCode>HK</countryCode>
<countryName>Hong Kong</countryName>
<fcl>P</fcl>
<fcode>PPLC</fcode>
</geoname>
</geonames>