<geonames>
<country>
<countryCode>AD</countryCode>
<countryName>Andorra</countryName>
<numPostalCodes>7</numPostalCodes>
<minPostalCode>AD100</minPostalCode>
<maxPostalCode>AD700</maxPostalCode>
</country>
<country>
<countryCode>AR</countryCode>
<countryName>Argentina</countryName>
<numPostalCodes>20260</numPostalCodes>
<minPostalCode>1601</minPostalCode>
<maxPostalCode>9431</maxPostalCode>
</country>
<country>
<countryCode>AS</countryCode>
<countryName>American Samoa</countryName>
<numPostalCodes>1</numPostalCodes>
<minPostalCode>96799</minPostalCode>
<maxPostalCode>96799</maxPostalCode>
</country>
<country>
<countryCode>AT</countryCode>
<countryName>Austria</countryName>
<numPostalCodes>21183</numPostalCodes>
<minPostalCode>1010</minPostalCode>
<maxPostalCode>9992</maxPostalCode>
</country>
<country>
<countryCode>AU</countryCode>
<countryName>Australia</countryName>
<numPostalCodes>16875</numPostalCodes>
<minPostalCode>0200</minPostalCode>
<maxPostalCode>9944</maxPostalCode>
</country>
<country>
<countryCode>AX</countryCode>
<countryName>Åland</countryName>
<numPostalCodes>40</numPostalCodes>
<minPostalCode>22100</minPostalCode>
<maxPostalCode>22999</maxPostalCode>
</country>
<country>
<countryCode>BD</countryCode>
<countryName>Bangladesh</countryName>
<numPostalCodes>1323</numPostalCodes>
<minPostalCode>1000</minPostalCode>
<maxPostalCode>9461</maxPostalCode>
</country>
<country>
<countryCode>BE</countryCode>
<countryName>Belgium</countryName>
<numPostalCodes>3386</numPostalCodes>
<minPostalCode>1000</minPostalCode>
<maxPostalCode>9992</maxPostalCode>
</country>
<country>
<countryCode>BG</countryCode>
<countryName>Bulgaria</countryName>
<numPostalCodes>5304</numPostalCodes>
<minPostalCode>1000</minPostalCode>
<maxPostalCode>9974</maxPostalCode>
</country>
<country>
<countryCode>BR</countryCode>
<countryName>Brazil</countryName>
<numPostalCodes>5525</numPostalCodes>
<minPostalCode>01000-000</minPostalCode>
<maxPostalCode>99990-000</maxPostalCode>
</country>
<country>
<countryCode>CA</countryCode>
<countryName>Canada</countryName>
<numPostalCodes>1640</numPostalCodes>
<minPostalCode>A0A</minPostalCode>
<maxPostalCode>Y1A</maxPostalCode>
</country>
<country>
<countryCode>CH</countryCode>
<countryName>Switzerland</countryName>
<numPostalCodes>4577</numPostalCodes>
<minPostalCode>1000</minPostalCode>
<maxPostalCode>9658</maxPostalCode>
</country>
<country>
<countryCode>CZ</countryCode>
<countryName>Czechia</countryName>
<numPostalCodes>15507</numPostalCodes>
<minPostalCode>100 00</minPostalCode>
<maxPostalCode>798 62</maxPostalCode>
</country>
<country>
<countryCode>DE</countryCode>
<countryName>Germany</countryName>
<numPostalCodes>16481</numPostalCodes>
<minPostalCode>01067</minPostalCode>
<maxPostalCode>99998</maxPostalCode>
</country>
<country>
<countryCode>DK</countryCode>
<countryName>Denmark</countryName>
<numPostalCodes>1422</numPostalCodes>
<minPostalCode>1000</minPostalCode>
<maxPostalCode>9990</maxPostalCode>
</country>
<country>
<countryCode>DO</countryCode>
<countryName>Dominican Republic</countryName>
<numPostalCodes>544</numPostalCodes>
<minPostalCode>10101</minPostalCode>
<maxPostalCode>11906</maxPostalCode>
</country>
<country>
<countryCode>DZ</countryCode>
<countryName>Algeria</countryName>
<numPostalCodes>15951</numPostalCodes>
<minPostalCode>01000</minPostalCode>
<maxPostalCode>48073</maxPostalCode>
</country>
<country>
<countryCode>ES</countryCode>
<countryName>Spain</countryName>
<numPostalCodes>37866</numPostalCodes>
<minPostalCode>01001</minPostalCode>
<maxPostalCode>52080</maxPostalCode>
</country>
<country>
<countryCode>FI</countryCode>
<countryName>Finland</countryName>
<numPostalCodes>4597</numPostalCodes>
<minPostalCode>00002</minPostalCode>
<maxPostalCode>99999</maxPostalCode>
</country>
<country>
<countryCode>FO</countryCode>
<countryName>Faroe Islands</countryName>
<numPostalCodes>130</numPostalCodes>
<minPostalCode>100</minPostalCode>
<maxPostalCode>970</maxPostalCode>
</country>
<country>
<countryCode>FR</countryCode>
<countryName>France</countryName>
<numPostalCodes>51131</numPostalCodes>
<minPostalCode>01000</minPostalCode>
<maxPostalCode>98799</maxPostalCode>
</country>
<country>
<countryCode>GB</countryCode>
<countryName>United Kingdom</countryName>
<numPostalCodes>1714267</numPostalCodes>
<minPostalCode>AB10</minPostalCode>
<maxPostalCode>ZE3 9JZ</maxPostalCode>
</country>
<country>
<countryCode>GF</countryCode>
<countryName>French Guiana</countryName>
<numPostalCodes>77</numPostalCodes>
<minPostalCode>97300</minPostalCode>
<maxPostalCode>97399 CEDEX</maxPostalCode>
</country>
<country>
<countryCode>GG</countryCode>
<countryName>Guernsey</countryName>
<numPostalCodes>8</numPostalCodes>
<minPostalCode>GY1</minPostalCode>
<maxPostalCode>GY9</maxPostalCode>
</country>
<country>
<countryCode>GL</countryCode>
<countryName>Greenland</countryName>
<numPostalCodes>33</numPostalCodes>
<minPostalCode>2412</minPostalCode>
<maxPostalCode>3992</maxPostalCode>
</country>
<country>
<countryCode>GP</countryCode>
<countryName>Guadeloupe</countryName>
<numPostalCodes>105</numPostalCodes>
<minPostalCode>97001 CEDEX</minPostalCode>
<maxPostalCode>97199 CEDEX</maxPostalCode>
</country>
<country>
<countryCode>GR</countryCode>
<countryName>Greece</countryName>
<numPostalCodes>865</numPostalCodes>
<minPostalCode>104 31</minPostalCode>
<maxPostalCode>859 00</maxPostalCode>
</country>
<country>
<countryCode>GT</countryCode>
<countryName>Guatemala</countryName>
<numPostalCodes>548</numPostalCodes>
<minPostalCode>01001</minPostalCode>
<maxPostalCode>22027</maxPostalCode>
</country>
<country>
<countryCode>GU</countryCode>
<countryName>Guam</countryName>
<numPostalCodes>23</numPostalCodes>
<minPostalCode>96910</minPostalCode>
<maxPostalCode>96932</maxPostalCode>
</country>
<country>
<countryCode>HR</countryCode>
<countryName>Croatia</countryName>
<numPostalCodes>6943</numPostalCodes>
<minPostalCode>10000</minPostalCode>
<maxPostalCode>53296</maxPostalCode>
</country>
<country>
<countryCode>HU</countryCode>
<countryName>Hungary</countryName>
<numPostalCodes>4041</numPostalCodes>
<minPostalCode>1011</minPostalCode>
<maxPostalCode>9985</maxPostalCode>
</country>
<country>
<countryCode>IM</countryCode>
<countryName>Isle of Man</countryName>
<numPostalCodes>87</numPostalCodes>
<minPostalCode>IM1</minPostalCode>
<maxPostalCode>IM9</maxPostalCode>
</country>
<country>
<countryCode>IN</countryCode>
<countryName>India</countryName>
<numPostalCodes>15221</numPostalCodes>
<minPostalCode>110001</minPostalCode>
<maxPostalCode>855126</maxPostalCode>
</country>
<country>
<countryCode>IS</countryCode>
<countryName>Iceland</countryName>
<numPostalCodes>147</numPostalCodes>
<minPostalCode>101</minPostalCode>
<maxPostalCode>902</maxPostalCode>
</country>
<country>
<countryCode>IT</countryCode>
<countryName>Italy</countryName>
<numPostalCodes>17981</numPostalCodes>
<minPostalCode>00010</minPostalCode>
<maxPostalCode>98168</maxPostalCode>
</country>
<country>
<countryCode>JE</countryCode>
<countryName>Jersey</countryName>
<numPostalCodes>4</numPostalCodes>
<minPostalCode>JE1</minPostalCode>
<maxPostalCode>JE3</maxPostalCode>
</country>
<country>
<countryCode>JP</countryCode>
<countryName>Japan</countryName>
<numPostalCodes>94388</numPostalCodes>
<minPostalCode>100-0001</minPostalCode>
<maxPostalCode>999-8531</maxPostalCode>
</country>
<country>
<countryCode>LI</countryCode>
<countryName>Liechtenstein</countryName>
<numPostalCodes>13</numPostalCodes>
<minPostalCode>9485</minPostalCode>
<maxPostalCode>9498</maxPostalCode>
</country>
<country>
<countryCode>LK</countryCode>
<countryName>Sri Lanka</countryName>
<numPostalCodes>1838</numPostalCodes>
<minPostalCode>*</minPostalCode>
<maxPostalCode>96167</maxPostalCode>
</country>
<country>
<countryCode>LT</countryCode>
<countryName>Lithuania</countryName>
<numPostalCodes>20558</numPostalCodes>
<minPostalCode>00001</minPostalCode>
<maxPostalCode>99069</maxPostalCode>
</country>
<country>
<countryCode>LU</countryCode>
<countryName>Luxembourg</countryName>
<numPostalCodes>4334</numPostalCodes>
<minPostalCode>L-1009</minPostalCode>
<maxPostalCode>L-9999</maxPostalCode>
</country>
<country>
<countryCode>MC</countryCode>
<countryName>Monaco</countryName>
<numPostalCodes>29</numPostalCodes>
<minPostalCode>98000</minPostalCode>
<maxPostalCode>98000</maxPostalCode>
</country>
<country>
<countryCode>MD</countryCode>
<countryName>Moldova</countryName>
<numPostalCodes>1753</numPostalCodes>
<minPostalCode>MD-2000</minPostalCode>
<maxPostalCode>MD-7731</maxPostalCode>
</country>
<country>
<countryCode>MH</countryCode>
<countryName>Marshall Islands</countryName>
<numPostalCodes>2</numPostalCodes>
<minPostalCode>96960</minPostalCode>
<maxPostalCode>96970</maxPostalCode>
</country>
<country>
<countryCode>MK</countryCode>
<countryName>Macedonia</countryName>
<numPostalCodes>220</numPostalCodes>
<minPostalCode>1000</minPostalCode>
<maxPostalCode>7550</maxPostalCode>
</country>
<country>
<countryCode>MP</countryCode>
<countryName>Northern Mariana Islands</countryName>
<numPostalCodes>4</numPostalCodes>
<minPostalCode>96950</minPostalCode>
<maxPostalCode>96952</maxPostalCode>
</country>
<country>
<countryCode>MQ</countryCode>
<countryName>Martinique</countryName>
<numPostalCodes>100</numPostalCodes>
<minPostalCode>97200</minPostalCode>
<maxPostalCode>97299 CEDEX</maxPostalCode>
</country>
<country>
<countryCode>MX</countryCode>
<countryName>Mexico</countryName>
<numPostalCodes>75203</numPostalCodes>
<minPostalCode>01000</minPostalCode>
<maxPostalCode>99998</maxPostalCode>
</country>
<country>
<countryCode>MY</countryCode>
<countryName>Malaysia</countryName>
<numPostalCodes>2818</numPostalCodes>
<minPostalCode>01000</minPostalCode>
<maxPostalCode>98859</maxPostalCode>
</country>
<country>
<countryCode>NL</countryCode>
<countryName>Netherlands</countryName>
<numPostalCodes>5314</numPostalCodes>
<minPostalCode>1000</minPostalCode>
<maxPostalCode>9999</maxPostalCode>
</country>
<country>
<countryCode>NO</countryCode>
<countryName>Norway</countryName>
<numPostalCodes>4574</numPostalCodes>
<minPostalCode>0001</minPostalCode>
<maxPostalCode>9991</maxPostalCode>
</country>
<country>
<countryCode>NZ</countryCode>
<countryName>New Zealand</countryName>
<numPostalCodes>1737</numPostalCodes>
<minPostalCode>0110</minPostalCode>
<maxPostalCode>9893</maxPostalCode>
</country>
<country>
<countryCode>PH</countryCode>
<countryName>Philippines</countryName>
<numPostalCodes>2231</numPostalCodes>
<minPostalCode>0400</minPostalCode>
<maxPostalCode>9811</maxPostalCode>
</country>
<country>
<countryCode>PK</countryCode>
<countryName>Pakistan</countryName>
<numPostalCodes>11844</numPostalCodes>
<minPostalCode>10010</minPostalCode>
<maxPostalCode>97320</maxPostalCode>
</country>
<country>
<countryCode>PL</countryCode>
<countryName>Poland</countryName>
<numPostalCodes>21980</numPostalCodes>
<minPostalCode>00-001</minPostalCode>
<maxPostalCode>99-440</maxPostalCode>
</country>
<country>
<countryCode>PM</countryCode>
<countryName>Saint Pierre and Miquelon</countryName>
<numPostalCodes>2</numPostalCodes>
<minPostalCode>97500</minPostalCode>
<maxPostalCode>97500</maxPostalCode>
</country>
<country>
<countryCode>PR</countryCode>
<countryName>Puerto Rico</countryName>
<numPostalCodes>187</numPostalCodes>
<minPostalCode>00601</minPostalCode>
<maxPostalCode>00988</maxPostalCode>
</country>
<country>
<countryCode>PT</countryCode>
<countryName>Portugal</countryName>
<numPostalCodes>204001</numPostalCodes>
<minPostalCode>1000-001</minPostalCode>
<maxPostalCode>9980-999</maxPostalCode>
</country>
<country>
<countryCode>RE</countryCode>
<countryName>Réunion</countryName>
<numPostalCodes>152</numPostalCodes>
<minPostalCode>97400</minPostalCode>
<maxPostalCode>97899 CEDEX</maxPostalCode>
</country>
<country>
<countryCode>RO</countryCode>
<countryName>Romania</countryName>
<numPostalCodes>13695</numPostalCodes>
<minPostalCode>105100</minPostalCode>
<maxPostalCode>927250</maxPostalCode>
</country>
<country>
<countryCode>RU</countryCode>
<countryName>Russia</countryName>
<numPostalCodes>43538</numPostalCodes>
<minPostalCode>101000</minPostalCode>
<maxPostalCode>901993</maxPostalCode>
</country>
<country>
<countryCode>SE</countryCode>
<countryName>Sweden</countryName>
<numPostalCodes>16079</numPostalCodes>
<minPostalCode>10005</minPostalCode>
<maxPostalCode>98499</maxPostalCode>
</country>
<country>
<countryCode>SI</countryCode>
<countryName>Slovenia</countryName>
<numPostalCodes>557</numPostalCodes>
<minPostalCode>1000</minPostalCode>
<maxPostalCode>9600</maxPostalCode>
</country>
<country>
<countryCode>SJ</countryCode>
<countryName>Svalbard and Jan Mayen</countryName>
<numPostalCodes>8</numPostalCodes>
<minPostalCode>8099</minPostalCode>
<maxPostalCode>9178</maxPostalCode>
</country>
<country>
<countryCode>SK</countryCode>
<countryName>Slovakia</countryName>
<numPostalCodes>4152</numPostalCodes>
<minPostalCode>010 01</minPostalCode>
<maxPostalCode>992 01</maxPostalCode>
</country>
<country>
<countryCode>SM</countryCode>
<countryName>San Marino</countryName>
<numPostalCodes>26</numPostalCodes>
<minPostalCode>47890</minPostalCode>
<maxPostalCode>47899</maxPostalCode>
</country>
<country>
<countryCode>TH</countryCode>
<countryName>Thailand</countryName>
<numPostalCodes>902</numPostalCodes>
<minPostalCode>10100</minPostalCode>
<maxPostalCode>96220</maxPostalCode>
</country>
<country>
<countryCode>TR</countryCode>
<countryName>Turkey</countryName>
<numPostalCodes>51193</numPostalCodes>
<minPostalCode>01000</minPostalCode>
<maxPostalCode>81950</maxPostalCode>
</country>
<country>
<countryCode>US</countryCode>
<countryName>United States</countryName>
<numPostalCodes>43628</numPostalCodes>
<minPostalCode>00210</minPostalCode>
<maxPostalCode>99950</maxPostalCode>
</country>
<country>
<countryCode>VA</countryCode>
<countryName>Vatican City</countryName>
<numPostalCodes>2</numPostalCodes>
<minPostalCode>00120</minPostalCode>
<maxPostalCode>00120</maxPostalCode>
</country>
<country>
<countryCode>VI</countryCode>
<countryName>U.S. Virgin Islands</countryName>
<numPostalCodes>16</numPostalCodes>
<minPostalCode>00801</minPostalCode>
<maxPostalCode>00851</maxPostalCode>
</country>
<country>
<countryCode>YT</countryCode>
<countryName>Mayotte</countryName>
<numPostalCodes>14</numPostalCodes>
<minPostalCode>97600</minPostalCode>
<maxPostalCode>97680</maxPostalCode>
</country>
<country>
<countryCode>ZA</countryCode>
<countryName>South Africa</countryName>
<numPostalCodes>3920</numPostalCodes>
<minPostalCode>0002</minPostalCode>
<maxPostalCode>9992</maxPostalCode>
</country>
</geonames>