<?xml version="1.0" encoding="UTF-8"?>
<!--

    Licensed to the Apache Software Foundation (ASF) under one or more
    contributor license agreements.  See the NOTICE file distributed with
    this work for additional information regarding copyright ownership.
    The ASF licenses this file to You under the Apache License, Version 2.0
    (the "License"); you may not use this file except in compliance with
    the License.  You may obtain a copy of the License at

         http://www.apache.org/licenses/LICENSE-2.0

    Unless required by applicable law or agreed to in writing, software
    distributed under the License is distributed on an "AS IS" BASIS,
    WITHOUT WARRANTIES OR CONDITIONS OF ANY KIND, either express or implied.
    See the License for the specific language governing permissions and
    limitations under the License.

-->
<beans xmlns="http://www.springframework.org/schema/beans"
       xmlns:xsi="http://www.w3.org/2001/XMLSchema-instance"
       xmlns:jaxws="http://cxf.apache.org/jaxws"
       xsi:schemaLocation="
       http://www.springframework.org/schema/beans http://www.springframework.org/schema/beans/spring-beans.xsd
       http://cxf.apache.org/jaxws http://cxf.apache.org/schemas/jaxws.xsd
       http://camel.apache.org/schema/spring http://camel.apache.org/schema/spring/camel-spring.xsd">
       
  <!-- Enable bridge between Camel Property Placeholder and Spring Property placeholder so we can use system properties
       to dynamically set the port number for unit testing the example.  -->
  <bean id="bridgePropertyPlaceholder" class="org.apache.camel.spring.spi.BridgePropertyPlaceholderConfigurer"/>
       
  <bean id="roundRobinRef" class="org.apache.camel.processor.loadbalancer.RoundRobinLoadBalancer"/>

  <bean class="org.apache.camel.component.cxf.transport.CamelTransportFactory" lazy-init="false">
    <property name="camelContext" ref="dest_context"/>
    <property name="transportIds">
      <list>
        <value>http://cxf.apache.org/transports/camel</value>
      </list>
    </property>
  </bean>

  <camelContext id="dest_context" xmlns="http://camel.apache.org/schema/spring">
    <route>
      <from uri="jetty:http://localhost:{{port}}/GreeterContext/GreeterPort"/>
      <loadBalance>
      	<customLoadBalancer ref="roundRobinRef"/>
        <to uri="direct:EndpointA"/>
        <to uri="direct:EndpointB"/>
      </loadBalance>
    </route>
  </camelContext>

  <jaxws:endpoint id="endpointA" implementor="#implementorA" address="camel://direct:EndpointA"/>
  <jaxws:endpoint id="endpointB" implementor="#implementorB" address="camel://direct:EndpointB"/>

  <bean id="implementorA" class="org.apache.camel.example.camel.transport.GreeterImpl">
    <property name="suffix" value="EndpointA"/>
  </bean>

  <bean id="implementorB" class="org.apache.camel.example.camel.transport.GreeterImpl">
    <property name="suffix" value="EndpointB"/>
  </bean>

</beans>
